,Q,RAIN,T2,G,surfM,date
0,0.0,0.0,4.54407564051013,7.9,0.6214144487285195,2022-08-01 22:00:00
1,0.0,0.0,4.08405366785388,0.2,0.2534088462559294,2022-08-01 23:00:00
2,0.0,0.0,4.22406831629138,0.0,0.02433733606912156,2022-08-02 00:00:00
3,0.0,0.0,4.10407319910388,0.0,0.5749892023662307,2022-08-02 01:00:00
4,0.0,0.0,4.384071978400755,0.0,0.6793511529496009,2022-08-02 02:00:00
5,0.0,0.0,4.374062212775755,1.0,0.6127554365171636,2022-08-02 03:00:00
6,0.0,0.0,4.624062212775755,9.4,0.8742737752044007,2022-08-02 04:00:00
7,0.0,0.0,5.184059771369505,36.1,0.8350660686641882,2022-08-02 05:00:00
8,0.0,0.0,4.33405366785388,73.5,0.9182174568717096,2022-08-02 06:00:00
9,0.25895635024065067,0.0,4.624062212775755,150.1,1.461819166014306,2022-08-02 07:00:00
10,1.8587081295314665,0.0,4.264076861213255,355.9,1.9236510255322083,2022-08-02 08:00:00
11,1.594083825774699,0.0,4.54407564051013,303.6,1.5558160601723807,2022-08-02 09:00:00
12,2.41542636421207,0.0,5.254067095588255,384.1,2.389831334717088,2022-08-02 10:00:00
13,2.528921617237337,0.0,5.45404878504138,399.6,2.478319376638242,2022-08-02 11:00:00
14,2.940407346640468,0.0,5.324074419807005,585.8000000000001,2.8220867453095595,2022-08-02 12:00:00
15,3.533514499460009,0.0,5.194069536994505,795.5,3.3359208877683355,2022-08-02 13:00:00
16,3.3015689368459284,0.0,5.384071978400755,700.1,3.1048071894838944,2022-08-02 14:00:00
17,3.548215961102873,0.0,5.194069536994505,649.5,3.3747110424143827,2022-08-02 15:00:00
18,1.9012288276555969,0.0,5.514076861213255,214.6,1.8475793820196864,2022-08-02 16:00:00
19,1.758265443229452,0.0,5.574074419807005,171.6,1.7331548279153526,2022-08-02 17:00:00
20,1.7013701416449118,0.0,5.314064654182005,136.5,1.6835222110385655,2022-08-02 18:00:00
21,1.6221276278856638,0.0,5.22406831629138,99.5,1.6094474267729897,2022-08-02 19:00:00
22,1.1382997986406744,0.0,4.95404878504138,61.5,1.1348365323703933,2022-08-02 20:00:00
23,0.8767876092151912,0.0,4.934059771369505,26.5,0.8822129367671722,2022-08-02 21:00:00
24,0.8693041280716525,0.0,4.71405855066638,6.3,0.8796741357209203,2022-08-02 22:00:00
25,0.8762449814282138,0.0,4.984047564338255,0.0,0.9168961675084234,2022-08-02 23:00:00
26,0.8017423294945965,0.0,4.814064654182005,0.0,0.8404809974468708,2022-08-03 00:00:00
27,0.7559520082174405,0.0,4.874062212775755,0.0,0.7811441990890249,2022-08-03 01:00:00
28,0.7041674527412647,0.0,4.694069536994505,0.0,0.7393672719838673,2022-08-03 02:00:00
29,0.5649509723277877,0.0,4.504067095588255,0.8,0.5752520748451639,2022-08-03 03:00:00
30,0.7833759390258219,0.0,4.824074419807005,32.0,0.7910963347240958,2022-08-03 04:00:00
31,0.7672877117078019,0.0,4.984047564338255,63.100000000000016,0.7567221045287837,2022-08-03 05:00:00
32,0.46136412466226917,0.0,4.984047564338255,105.6,0.4204505594556886,2022-08-03 06:00:00
33,1.5188192563248528,0.0,5.684059771369505,240.2,1.4534797875482521,2022-08-03 07:00:00
34,2.6729516153589947,0.0,6.08405366785388,379.0,2.5757492230754426,2022-08-03 08:00:00
35,3.033220293991029,0.0,5.984047564338255,496.6,2.8880422689026934,2022-08-03 09:00:00
36,2.9812494049051317,0.0,5.694069536994505,539.9,2.8095506802576704,2022-08-03 10:00:00
37,3.614722573509327,0.0,5.674050005744505,657.3,3.40325381424075,2022-08-03 11:00:00
38,4.078710586242827,0.0,6.35407319910388,704.5,3.8415976417029247,2022-08-03 12:00:00
39,3.721160126536243,0.0,6.674050005744505,480.6,3.570679482170943,2022-08-03 13:00:00
40,4.538609056798143,0.0,7.58405366785388,543.4,4.397543007749563,2022-08-03 14:00:00
41,3.7896280775823605,0.0,6.564064654182005,471.0,3.643000943219037,2022-08-03 15:00:00
42,2.7949086751847654,0.0,5.934059771369505,329.6,2.706510616369653,2022-08-03 16:00:00
43,2.206753713945432,0.0,5.95404878504138,202.2,2.1809301490678585,2022-08-03 17:00:00
44,1.9010466534085777,0.0,6.694069536994505,105.6,1.9160006733311223,2022-08-03 18:00:00
45,1.835747086128399,0.0,7.15406099207263,64.2,1.8424580366979422,2022-08-03 19:00:00
46,1.5083189047061876,0.0,5.84406343347888,43.7,1.499252512717052,2022-08-03 20:00:00
47,2.7727707578442455,0.5077303727710845,6.624062212775755,20.3,2.2510681721895134,2022-08-03 21:00:00
48,3.2568878908306163,0.7434788982666722,6.83405366785388,2.1999999999999997,2.4870133607096077,2022-08-03 22:00:00
49,2.7457828597414995,0.7358259384186983,6.314064654182005,0.0,2.0444476076426645,2022-08-03 23:00:00
50,2.4872121023932077,0.784148943533214,5.97406831629138,0.0,1.7407223840677983,2022-08-04 00:00:00
51,2.3384306952336775,0.7045449104575477,5.89405122644763,0.0,1.6699109722666732,2022-08-04 01:00:00
52,2.1620694169519075,0.3816053846700622,5.95404878504138,0.0,1.8206093749488137,2022-08-04 02:00:00
53,1.9358931281997607,0.0,6.424050005744505,0.0,1.9722394497857687,2022-08-04 03:00:00
54,2.175749660658542,0.06268337206553394,6.66407075769763,8.1,2.0980172413752367,2022-08-04 04:00:00
55,2.9499899070334226,0.9525566752616795,6.66407075769763,19.4,1.9880702860687764,2022-08-04 05:00:00
56,5.440391871197039,2.653472754178602,6.484047564338255,44.3,2.765491175356832,2022-08-04 06:00:00
57,5.331834656985482,3.1248936384183645,5.614052447150755,93.2,2.189796374252102,2022-08-04 07:00:00
58,5.571379622052346,2.2228079749451437,6.864052447150755,201.5,3.313516360234509,2022-08-04 08:00:00
59,4.355757826223265,0.9048313265289247,7.254067095588255,231.09999999999994,3.389601621929587,2022-08-04 09:00:00
60,4.588666819641612,0.0,7.004067095588255,446.5,4.45153167781442,2022-08-04 10:00:00
61,3.7980061450262355,0.0,6.09406343347888,288.7,3.7071580914580853,2022-08-04 11:00:00
62,3.7200991790435793,0.0,5.624062212775755,298.3,3.6601704292371737,2022-08-04 12:00:00
63,3.9833408186805395,0.0,5.34406343347888,364.4,3.920728273387283,2022-08-04 13:00:00
64,3.400037062028713,0.0,5.054054888557005,296.2,3.343201845392179,2022-08-04 14:00:00
65,2.9813561743497914,0.2746058493970373,4.304054888557005,189.0,2.6272829319748627,2022-08-04 15:00:00
66,2.1832831628078075,0.0,4.424050005744505,156.8,2.09081717654983,2022-08-04 16:00:00
67,2.120860944069756,0.0,4.60407319910388,125.20000000000003,2.035525829799729,2022-08-04 17:00:00
68,2.373518245631476,0.0,4.814064654182005,115.5,2.277301669103627,2022-08-04 18:00:00
69,2.2733622383847933,0.0,4.91407075769763,66.3,2.2031272387667777,2022-08-04 19:00:00
70,1.8876176774501705,0.0,4.45404878504138,74.9,1.8282142139283561,2022-08-04 20:00:00
71,1.5785884079890238,0.0,4.29407564051013,18.2,1.5358521524095918,2022-08-04 21:00:00
72,1.42343046145155,0.0,4.134071978400755,0.8,1.390926312448518,2022-08-04 22:00:00
73,1.3800944304338663,0.0,4.374062212775755,0.0,1.346539852537083,2022-08-04 23:00:00
74,0.9981826274169904,0.0,4.54407564051013,0.0,0.9799643684130279,2022-08-05 00:00:00
75,1.6640977903701328,0.0,4.924050005744505,0.0,1.6344057440297286,2022-08-05 01:00:00
76,2.337513708345857,0.0,4.574074419807005,0.0,2.2755304921217645,2022-08-05 02:00:00
77,2.0878368752225596,0.4571297234918433,4.10407319910388,0.0,1.5899909546538158,2022-08-05 03:00:00
78,3.3885892236484407,0.7548484608252031,4.814064654182005,8.4,2.5725987113993107,2022-08-05 04:00:00
79,3.623064391287487,1.007056524073258,4.72406831629138,20.9,2.542990441639378,2022-08-05 05:00:00
80,3.570485124658971,0.9586015216596618,4.52405610926013,41.2,2.4935933314373324,2022-08-05 06:00:00
81,4.037032356273391,0.994482191201048,5.004067095588255,50.4,2.9071957988402257,2022-08-05 07:00:00
82,4.739251782297287,0.9219749124905489,6.004067095588255,101.2,3.682269282935477,2022-08-05 08:00:00
83,5.46350402543171,0.6785192373008951,6.734047564338255,229.90000000000006,4.623124179050597,2022-08-05 09:00:00
84,4.940235090619844,0.40094551105026033,6.52405610926013,181.8,4.3667628531572635,2022-08-05 10:00:00
85,4.447188176298636,0.0,6.514076861213255,176.7,4.266897580701071,2022-08-05 11:00:00
86,4.1861726761915365,0.0,6.46405855066638,297.5,3.989410743725875,2022-08-05 12:00:00
87,3.5587180762076747,0.0,6.124062212775755,162.3,3.401614091887491,2022-08-05 13:00:00
88,4.483640964464753,0.0,6.184059771369505,194.6,4.279702330090599,2022-08-05 14:00:00
89,4.408845674959254,0.0,5.934059771369505,234.3,4.1938426323412745,2022-08-05 15:00:00
90,4.269399665983067,0.0,5.71405855066638,230.0,4.052211523118384,2022-08-05 16:00:00
91,3.611515250528011,0.0,5.064064654182005,147.0,3.4257716184013827,2022-08-05 17:00:00
92,3.2499643263158786,0.0,5.174050005744505,111.1,3.1001994757445317,2022-08-05 18:00:00
93,3.0727185059263853,0.0,5.064064654182005,85.0,2.941918799289115,2022-08-05 19:00:00
94,2.950247516437524,0.4525597977463697,4.174050005744505,45.6,2.3876269781879493,2022-08-05 20:00:00
95,2.44239132009488,0.4925760603965975,3.7840658748851297,20.1,1.862585119712248,2022-08-05 21:00:00
96,1.717296117506268,0.3359381813455606,3.7340475643382547,3.0,1.35049183277109,2022-08-05 22:00:00
97,1.2083694155607376,0.0,3.6340719784007547,0.0,1.1822892188696332,2022-08-05 23:00:00
98,1.0299962505148272,0.0,3.8840719784007547,0.0,1.0052089083729299,2022-08-06 00:00:00
99,1.133858589844476,0.0,4.254067095588255,0.0,1.105095383237221,2022-08-06 01:00:00
100,0.895998789530711,0.0,4.384071978400755,0.0,0.8724312417847958,2022-08-06 02:00:00
101,0.7499822656241522,0.0,4.29407564051013,0.0,0.7310728840124856,2022-08-06 03:00:00
102,0.27438730039272,0.0,4.054054888557005,21.0,0.2630834063558619,2022-08-06 04:00:00
103,0.43586221169993666,0.0,3.7340475643382547,42.0,0.4155006917240971,2022-08-06 05:00:00
104,0.4278636741322185,0.0,3.9440695369945047,111.5,0.40360521687909484,2022-08-06 06:00:00
105,0.9184835508179003,0.0,4.21405855066638,222.8,0.8725863441720085,2022-08-06 07:00:00
106,1.659378780917876,0.0,3.2140585506663797,356.9,1.5537197067661537,2022-08-06 08:00:00
107,2.689337494899596,0.0,3.2040487850413797,501.3000000000001,2.4686768255900073,2022-08-06 09:00:00
108,3.397023475633651,0.0,2.9240500057445047,601.5,3.0575056934903806,2022-08-06 10:00:00
109,4.04623865705363,0.0,3.4440695369945047,676.5,3.593423934685563,2022-08-06 11:00:00
110,4.5919207740022365,0.0,4.10407319910388,722.2,4.0553715535129395,2022-08-06 12:00:00
111,4.8440834760051,0.0,4.124062212775755,741.5,4.247300641968973,2022-08-06 13:00:00
112,4.875318621168676,0.0,4.16407075769763,712.9,4.274762180061986,2022-08-06 14:00:00
113,4.48351073023043,0.0,3.9140707576976297,588.0,3.954224418433384,2022-08-06 15:00:00
114,3.5436378811975136,0.0,3.7940756405101297,353.2,3.2014037072470476,2022-08-06 16:00:00
115,2.5975234790433395,0.0,3.6040731991038797,171.5,2.419086026592647,2022-08-06 17:00:00
116,1.790942958632328,0.0,3.5340658748851297,78.9,1.6942809812038386,2022-08-06 18:00:00
117,1.6216866208295793,0.0,3.2040487850413797,76.2,1.5355701886146083,2022-08-06 19:00:00
118,1.6106391968800857,0.0,3.1840597713695047,54.6,1.5307724802526117,2022-08-06 20:00:00
119,0.6775335655508429,0.0,3.2840658748851297,27.0,0.6335467887918652,2022-08-06 21:00:00
120,0.8595259660918269,0.0,3.1540609920726297,13.8,0.8112568275675551,2022-08-06 22:00:00
121,0.9435654906960824,0.0,2.8440634334788797,0.0,0.9217996035985104,2022-08-06 23:00:00
122,1.0687287775059153,0.0,2.7240683162913797,0.0,1.042432143336804,2022-08-07 00:00:00
123,1.1409963916134545,0.0,2.7140585506663797,0.0,1.1085695125139055,2022-08-07 01:00:00
124,0.7031674880983542,0.0,2.3740622127757547,0.0,0.6787220303413721,2022-08-07 02:00:00
125,0.7488240827479564,0.0,2.1440512264476297,0.0,0.7313583493232156,2022-08-07 03:00:00
126,0.968270203274857,0.29120472314779255,2.0040670955882547,4.6000000000000005,0.6643933445709802,2022-08-07 04:00:00
127,0.5166199130207008,0.0,1.7640768612132547,19.1,0.5113322033158938,2022-08-07 05:00:00
128,0.6233321185782856,0.0,1.6640707576976297,48.1,0.6132545844640365,2022-08-07 06:00:00
129,1.223456330146069,0.0,1.8240744198070047,125.70000000000003,1.1979426628880308,2022-08-07 07:00:00
130,1.7778999328193232,0.0,1.9040609920726297,212.8,1.7309840591511012,2022-08-07 08:00:00
131,1.964276467043756,0.00659860140250902,1.8940512264476297,233.0,1.8875064241529143,2022-08-07 09:00:00
132,1.9981753355088046,0.15268696778495167,1.8940512264476297,214.8,1.7717488422026624,2022-08-07 10:00:00
133,2.6717692243868836,0.29758837153859663,2.0140768612132547,292.7,2.2573895315811146,2022-08-07 11:00:00
134,2.514893423348971,0.2011689622579446,1.7040487850413797,293.7,2.1838549177240445,2022-08-07 12:00:00
135,2.9577274154802,0.28452368927817945,1.9540487850413797,333.3,2.5057069505401284,2022-08-07 13:00:00
136,3.188396338428985,0.21569338633115231,2.1640707576976297,370.4,2.7630592387640043,2022-08-07 14:00:00
137,2.8153308434419664,0.38611967686829074,2.2340475643382547,263.2,2.2648724371630093,2022-08-07 15:00:00
138,2.13687221129415,0.09461566125400578,2.5840536678538797,234.8,1.9043578975304574,2022-08-07 16:00:00
139,2.080915901249022,0.36959185362901825,2.6440512264476297,194.8,1.6020912151496232,2022-08-07 17:00:00
140,1.5788477698033243,0.3175349130327345,2.8440634334788797,106.6,1.2024272750193998,2022-08-07 18:00:00
141,0.9026205494244027,0.0,2.5440756405101297,70.8,0.8694691419833094,2022-08-07 19:00:00
142,0.8274577376043049,0.24841330789585328,2.5040670955882547,47.2,0.561200874162765,2022-08-07 20:00:00
143,0.6980877128274794,0.29994466837358,2.2840658748851297,19.2,0.38905312549988513,2022-08-07 21:00:00
144,0.7905709776921657,0.2878305514928362,2.3840719784007547,2.8,0.4955795221384355,2022-08-07 22:00:00
145,0.433510929931314,0.0667522847280365,2.2840658748851297,0.0,0.3625897647575378,2022-08-07 23:00:00
146,0.33905358571937994,0.0,1.9040609920726297,0.0,0.33463271959366775,2022-08-08 00:00:00
147,0.224262096373412,0.0,1.6740500057445047,0.0,0.2223303868688597,2022-08-08 01:00:00
148,0.2312767769211087,0.0,1.6240622127757547,0.0,0.22851184561371302,2022-08-08 02:00:00
149,0.09722013137459845,0.0,1.7940756405101297,0.1,0.0965367772759805,2022-08-08 03:00:00
150,0.08900608363638726,0.0,2.0440756405101297,7.299999999999998,0.08900608363638726,2022-08-08 04:00:00
151,0.07546731522109655,0.0,1.8740622127757547,35.9,0.07533606813997548,2022-08-08 05:00:00
152,0.017268283720131776,0.0,1.3740622127757547,66.10000000000001,0.012858958648098443,2022-08-08 06:00:00
153,0.7942789478924079,0.0,1.7740561092601297,125.29999999999997,0.7826221674894149,2022-08-08 07:00:00
154,1.0147783103270347,0.0,2.0940634334788797,177.5,0.9946002906655822,2022-08-08 08:00:00
155,1.5913110659602479,0.0,2.2140585506663797,269.7,1.5389860714099166,2022-08-08 09:00:00
156,2.349490363895171,0.0,2.0140768612132547,380.8,2.2295851739095056,2022-08-08 10:00:00
157,2.57684120924918,0.0,2.3340536678538797,370.8,2.4273763419271095,2022-08-08 11:00:00
158,2.138967994170242,0.0,2.7140585506663797,288.59999999999997,2.014265195884244,2022-08-08 12:00:00
159,2.605639070321328,0.2826956405461859,2.9840475643382547,303.8,2.187384541839631,2022-08-08 13:00:00
160,2.31971145577534,0.3319887575280106,2.6540609920726297,253.59999999999994,1.870862474665575,2022-08-08 14:00:00
161,2.6885843356086365,0.2974298646079245,2.6540609920726297,319.2,2.2285303447879197,2022-08-08 15:00:00
162,2.3342295150747576,0.27291989103772685,2.7040487850413797,266.90000000000003,1.9208175749621061,2022-08-08 16:00:00
163,2.1644248816727307,0.0,3.0540548885570047,318.8,1.9923932966107802,2022-08-08 17:00:00
164,1.169249127842883,0.0,2.8440634334788797,153.5,1.0948330441142704,2022-08-08 18:00:00
165,0.8673340411896187,0.0,2.6540609920726297,83.9,0.8286713355556494,2022-08-08 19:00:00
166,0.8361609648950115,0.2550480292714095,2.7640768612132547,31.6,0.568526645924375,2022-08-08 20:00:00
167,0.9133066462487145,0.3650054621559412,2.5440756405101297,14.599999999999996,0.5351716407119489,2022-08-08 21:00:00
168,0.946558777840806,0.4682172142549824,2.3340536678538797,0.9000000000000002,0.4713490792187186,2022-08-08 22:00:00
169,0.919656468702994,0.49002445680258905,2.1740500057445047,0.0,0.4216671036678632,2022-08-08 23:00:00
170,0.8775079881538959,0.5095144412001004,2.1140524471507547,0.0,0.36170516454513124,2022-08-09 00:00:00
171,0.8622542755348684,0.5091460438756177,2.2040487850413797,0.0,0.3473787014851527,2022-08-09 01:00:00
172,0.7832845965000825,0.4596967392116981,2.0540548885570047,0.0,0.31820405827196013,2022-08-09 02:00:00
173,0.7834598048924619,0.4309593720726016,1.9740683162913797,0.4,0.3458380073311407,2022-08-09 03:00:00
174,0.7625449789665806,0.4177284304854049,1.7840658748851297,4.3,0.339132617246221,2022-08-09 04:00:00
175,0.9477047090202323,0.49279215058437775,1.8840719784007547,15.099999999999996,0.44762777389866615,2022-08-09 05:00:00
176,1.0951276912750643,0.3969393976418601,1.9440695369945047,45.6,0.6810031678343016,2022-08-09 06:00:00
177,1.2347079323000585,0.3177141822334109,2.2640768612132547,72.10000000000001,0.8968516168604017,2022-08-09 07:00:00
178,1.6144991274164844,0.27054450555228526,2.4540487850413797,141.9,1.3179648097037404,2022-08-09 08:00:00
179,2.177009461753689,0.3005100231167962,2.1740500057445047,227.2,1.8306681550832,2022-08-09 09:00:00
180,2.5890152473868584,0.31681824261065994,2.2340475643382547,293.09999999999997,2.199931271361387,2022-08-09 10:00:00
181,2.692822506341214,0.39092056184771473,2.3740622127757547,289.3,2.211325508171254,2022-08-09 11:00:00
182,2.4923970626235237,0.3756510976380034,2.3640524471507547,254.59999999999994,2.0241300739533314,2022-08-09 12:00:00
183,2.3651473798755127,0.315564128772228,2.1940695369945047,238.5,1.9556916526542767,2022-08-09 13:00:00
184,2.4153815323825762,0.41779002697710577,2.4240500057445047,234.8,1.898725942379306,2022-08-09 14:00:00
185,2.348145862472024,0.5453129889206725,2.5440756405101297,213.6,1.7106767851017135,2022-08-09 15:00:00
186,2.066806849924992,0.559616926230659,2.7840658748851297,157.0,1.4372120098653889,2022-08-09 16:00:00
187,1.5435844700081236,0.3130451596435155,2.9440695369945047,105.8,1.1823334065006097,2022-08-09 17:00:00
188,2.361564390569148,1.1284033542890852,2.9440695369945047,99.2,1.1852467081447682,2022-08-09 18:00:00
189,1.8127173640583312,0.8416323903966981,3.0240561092601297,62.600000000000016,0.939554573900993,2022-08-09 19:00:00
190,1.6799475845286578,0.852772799714768,3.2840658748851297,28.5,0.8043874669699536,2022-08-09 20:00:00
191,1.0663095024435796,0.4228931312391786,3.1540609920726297,9.6,0.6366937972525799,2022-08-09 21:00:00
192,0.7743090804453016,0.267566143889709,2.7840658748851297,0.9000000000000002,0.4991542625250798,2022-08-09 22:00:00
193,0.3936142066049819,0.0,2.6440512264476297,0.0,0.3888778506771836,2022-08-09 23:00:00
194,0.42286314950063075,0.0,2.6340719784007547,0.0,0.4178724443464541,2022-08-10 00:00:00
195,0.4692571833949001,0.0,2.6440512264476297,0.0,0.463210593479167,2022-08-10 01:00:00
196,0.42464804148749913,0.0,2.3440634334788797,0.0,0.4186706595199421,2022-08-10 02:00:00
197,0.3531675068737607,0.0,2.1640707576976297,0.0,0.34883115381894375,2022-08-10 03:00:00
198,0.3754987815016064,0.0,2.0840536678538797,1.0,0.37044465015365424,2022-08-10 04:00:00
199,0.47393296474190405,0.0,2.1340719784007547,6.2,0.4661641595580919,2022-08-10 05:00:00
200,0.5011778479729789,0.0,2.0940634334788797,21.8,0.4958879222251701,2022-08-10 06:00:00
201,0.7239182771152924,0.0,1.9440695369945047,50.4,0.7087946011763667,2022-08-10 07:00:00
202,0.8780487429715924,0.0,2.0240561092601297,89.1,0.8662004967939814,2022-08-10 08:00:00
203,1.1581071335750295,0.0,2.0240561092601297,122.79999999999997,1.1390719879672093,2022-08-10 09:00:00
204,1.3128859223767826,0.0,2.1740500057445047,132.6,1.2872117988093157,2022-08-10 10:00:00
205,2.125664508470999,0.0,2.5640646541820047,245.7,2.0704074464168736,2022-08-10 11:00:00
206,2.9266327075295844,0.3691561695025148,2.7740561092601297,317.9,2.473572519503894,2022-08-10 12:00:00
207,2.8369867995477094,0.3582659876886886,3.1140524471507547,303.3,2.3792437783392297,2022-08-10 13:00:00
208,2.4604144379350514,0.30072050260636585,3.0540548885570047,297.3,2.0529815974021703,2022-08-10 14:00:00
209,1.9872186081872958,0.0,3.2240683162913797,281.7,1.8811116927642344,2022-08-10 15:00:00
210,2.6398729979295026,0.0,3.3140646541820047,398.0,2.4671171694225746,2022-08-10 16:00:00
211,2.114729853482757,0.0,3.1340719784007547,347.4,1.9497002144240647,2022-08-10 17:00:00
212,1.732201908634377,0.0,3.2440573299632547,216.1,1.6274381395848927,2022-08-10 18:00:00
213,1.1152729134802444,0.0,3.4540487850413797,157.3,1.044075739486916,2022-08-10 19:00:00
214,0.10597520371410149,0.0,3.5340658748851297,53.4,0.08079633255391952,2022-08-10 20:00:00
215,0.48949269171321386,0.4514775272544326,3.5340658748851297,27.1,0.02852355533769898,2022-08-10 21:00:00
216,0.8029890866382335,0.8029319197208065,3.9240500057445047,1.3,5.716691742716997e-05,2022-08-10 22:00:00
217,0.003137899991667557,0.0,2.9740683162913797,0.0,0.001780372098823374,2022-08-10 23:00:00
218,0.1481354180276503,0.0,2.7040487850413797,0.0,0.14697517929552864,2022-08-11 00:00:00
219,0.25120380399394443,0.0,2.3340536678538797,0.0,0.24850151033210777,2022-08-11 01:00:00
220,0.7210611629552176,0.3522719431586095,2.9740683162913797,0.0,0.36571036982473293,2022-08-11 02:00:00
221,0.7152549726734962,0.3449295972822624,2.3040548885570047,0.0,0.36680415284046286,2022-08-11 03:00:00
222,0.622354437698417,0.30970013480266867,2.3540731991038797,2.6,0.3095057678138091,2022-08-11 04:00:00
223,0.3282569546909013,0.0,2.3440634334788797,15.400000000000004,0.3265575182007468,2022-08-11 05:00:00
224,0.43249631723514387,0.0,2.2740561092601297,36.300000000000004,0.4313692478785159,2022-08-11 06:00:00
225,0.8302054227208957,0.0,2.4240500057445047,94.5,0.8234809558039263,2022-08-11 07:00:00
226,1.0789553157857552,0.2310522187329242,2.4940573299632547,100.1,0.8440046599788358,2022-08-11 08:00:00
227,1.2894619125130047,0.1673887873930143,2.4440695369945047,138.4,1.1132603666107688,2022-08-11 09:00:00
228,1.8138483320136196,0.0,2.2340475643382547,244.09999999999994,1.7812190598496347,2022-08-11 10:00:00
229,2.3634780480064923,0.0,2.3540731991038797,344.5,2.2865360817193494,2022-08-11 11:00:00
230,3.9696905459101632,0.0,2.2940756405101297,595.8,3.7322559029356484,2022-08-11 12:00:00
231,4.074918550905761,0.0,2.6640707576976297,675.1,3.717959595619142,2022-08-11 13:00:00
232,4.059414853707995,0.0,3.0740744198070047,687.6,3.6319590754826345,2022-08-11 14:00:00
233,3.603807177992461,0.0,3.4140707576976297,625.0,3.181788716123058,2022-08-11 15:00:00
234,3.2095568021434486,0.0,3.2640768612132547,491.0,2.868307400232372,2022-08-11 16:00:00
235,2.673666945094672,0.0,3.1140524471507547,437.9,2.37045821723542,2022-08-11 17:00:00
236,1.6117232624235602,0.0,2.9940573299632547,191.1,1.4828776526775882,2022-08-11 18:00:00
237,1.282296730808003,0.0,3.3640524471507547,146.20000000000002,1.1922112267207052,2022-08-11 19:00:00
238,0.34794715400154286,0.0,3.1540609920726297,68.8,0.3082640337868796,2022-08-11 20:00:00
239,0.024928791398233258,0.0,3.6440512264476297,73.2,0.0,2022-08-11 21:00:00
240,0.00017993360709516804,0.0,3.3640524471507547,0.0,0.00017993360709516807,2022-08-11 22:00:00
241,0.00016362651954530575,0.0,3.1940695369945047,0.0,0.00016362651954530575,2022-08-11 23:00:00
242,2.7900568876815853e-05,0.0,2.7640768612132547,0.0,2.7900568876815853e-05,2022-08-12 00:00:00
243,4.3385121852588775e-05,0.0,2.2840658748851297,0.0,4.3385121852588775e-05,2022-08-12 01:00:00
244,3.851956679040653e-05,0.0,2.6240622127757547,0.0,3.851956679040653e-05,2022-08-12 02:00:00
245,0.0009980649081359654,0.0,2.5640646541820047,0.0,0.0005196450659002714,2022-08-12 03:00:00
246,0.002390219166967527,0.0,2.6840597713695047,3.3,0.001630809121628453,2022-08-12 04:00:00
247,0.27480845733486003,0.0,2.4440695369945047,17.7,0.26823251430471795,2022-08-12 05:00:00
248,0.4911357946192291,0.0,2.5740744198070047,33.0,0.48594923070738494,2022-08-12 06:00:00
249,0.7931871721622239,0.0,2.7940756405101297,55.9,0.7876811338017305,2022-08-12 07:00:00
250,0.9223870582455249,0.0,2.7740561092601297,80.8,0.9172060090392712,2022-08-12 08:00:00
251,1.2475894420959102,0.0,2.7240683162913797,121.4,1.231768039017847,2022-08-12 09:00:00
252,1.7252645228326595,0.3295429618694544,2.8640524471507547,132.29999999999998,1.3751990193187142,2022-08-12 10:00:00
253,2.5809079910694326,0.3422338649677893,2.9440695369945047,246.40000000000006,2.202883773631291,2022-08-12 11:00:00
254,3.0794905317722714,0.0,3.0740744198070047,387.8,3.0226292238702572,2022-08-12 12:00:00
255,2.5755891340942823,0.0,3.3840719784007547,289.5,2.517403235665495,2022-08-12 13:00:00
256,2.9745845691547013,0.0,3.2540670955882547,359.2,2.8843897953917463,2022-08-12 14:00:00
257,4.134238118859632,0.0,3.9940573299632547,619.0,3.9076315127221264,2022-08-12 15:00:00
258,3.638035622606746,0.0,4.16407075769763,573.1999999999999,3.3631284788039544,2022-08-12 16:00:00
259,2.5615325065815613,0.0,3.9440695369945047,419.3,2.334640283594552,2022-08-12 17:00:00
260,1.852286543126882,0.0,4.10407319910388,324.0,1.6744705311863102,2022-08-12 18:00:00
261,1.2420673559674729,0.0,4.27405610926013,215.5,1.1246982434306094,2022-08-12 19:00:00
262,0.38172438969076294,0.0,4.09406343347888,78.4,0.3395537995675574,2022-08-12 20:00:00
263,0.09940351551154669,0.0,3.6940695369945047,20.9,0.08669221179601683,2022-08-12 21:00:00
264,0.042447529977764284,0.0,3.7440573299632547,0.0,0.04069904672179933,2022-08-12 22:00:00
265,0.002762754584138801,0.0,3.8140646541820047,0.0,0.0027627545841388008,2022-08-12 23:00:00
266,0.0001797557564645634,0.0,3.5640646541820047,0.0,0.00017975575646456338,2022-08-13 00:00:00
267,0.0003903114607926504,0.0,3.3340536678538797,0.0,0.0003903114607926504,2022-08-13 01:00:00
268,0.00046498113967796873,0.0,3.0540548885570047,0.0,0.00046498113967796873,2022-08-13 02:00:00
269,0.005135487018433204,0.0,3.1140524471507547,0.0,0.005135487018433205,2022-08-13 03:00:00
270,6.946915539850616e-05,0.0,3.2140585506663797,4.6000000000000005,5.6786479477235274e-05,2022-08-13 04:00:00
271,0.012076701727807532,0.0,3.0940634334788797,26.4,0.01207640292751685,2022-08-13 05:00:00
272,0.010818984020453108,0.0,2.8240744198070047,69.60000000000001,0.010422256531716557,2022-08-13 06:00:00
273,0.49424500023342466,0.0,3.1040731991038797,131.4,0.49312900653376424,2022-08-13 07:00:00
274,1.052727316997382,0.0,3.3840719784007547,211.0,1.0425643592456582,2022-08-13 08:00:00
275,2.139075443717477,0.0,3.7340475643382547,437.6,2.071396333827795,2022-08-13 09:00:00
276,3.0356839139658325,0.0,3.9240500057445047,568.4,2.8628687227042833,2022-08-13 10:00:00
277,3.6163450593806705,0.0,4.04407564051013,651.7,3.318508468355313,2022-08-13 11:00:00
278,3.9272329037742955,0.0,4.184059771369505,688.2,3.535504936908224,2022-08-13 12:00:00
279,4.273529842056083,0.0,4.64405122644763,698.6,3.8163980054798072,2022-08-13 13:00:00
280,4.236905801704536,0.0,4.47406831629138,676.8,3.767341447207965,2022-08-13 14:00:00
281,4.0080665512125995,0.0,5.244057329963255,628.2,3.5471822768586665,2022-08-13 15:00:00
282,3.294625201604668,0.0,5.424050005744505,513.1999999999999,2.917266955667274,2022-08-13 16:00:00
283,2.796610933224593,0.0,5.47406831629138,431.9,2.485868614840429,2022-08-13 17:00:00
284,1.9827374997822544,0.0,5.324074419807005,311.0,1.7661533393184266,2022-08-13 18:00:00
285,1.444448517228862,0.0,5.484047564338255,190.4,1.326494927672435,2022-08-13 19:00:00
286,0.7230655953451756,0.0,4.634071978400755,97.3,0.6737683926526923,2022-08-13 20:00:00
287,0.27519621030058944,0.0,4.47406831629138,52.3,0.25657700127308625,2022-08-13 21:00:00
288,0.04478944159951345,0.0,4.624062212775755,0.0,0.044606915182798634,2022-08-13 22:00:00
289,0.005700824943873373,0.0,4.35407319910388,0.0,0.005186329798576974,2022-08-13 23:00:00
290,0.058906738244158714,0.0,5.494057329963255,0.0,0.05865404024676382,2022-08-14 00:00:00
291,0.10282529214127561,0.0,4.83405366785388,0.0,0.0995091058291043,2022-08-14 01:00:00
292,0.07779818685493549,0.0,4.65406099207263,0.0,0.07235043146314357,2022-08-14 02:00:00
293,0.029551327402698373,0.0,4.264076861213255,0.0,0.025407359933257163,2022-08-14 03:00:00
294,0.7223102935536792,0.0,4.97406831629138,4.6000000000000005,0.7078924814669405,2022-08-14 04:00:00
295,1.2158384777585063,0.0,4.994057329963255,21.1,1.1984942400189371,2022-08-14 05:00:00
296,1.9492203626421638,0.0,5.014076861213255,49.6,1.884952509849644,2022-08-14 06:00:00
297,2.5003529272888607,0.0,5.28406587488513,58.8,2.4167420038575655,2022-08-14 07:00:00
298,2.6243938185306237,0.4218966325963327,5.53406587488513,44.7,2.1304810837339567,2022-08-14 08:00:00
299,3.327600709824651,0.3734951549552629,5.29407564051013,86.3,2.8605931182465145,2022-08-14 09:00:00
300,2.3718505534806633,0.0,5.02405610926013,102.3,2.296798448978717,2022-08-14 10:00:00
301,3.1534639547836743,0.0,5.46405855066638,151.0,3.05839940806589,2022-08-14 11:00:00
302,2.9916576580766447,0.0,5.34406343347888,95.0,2.8981803369446952,2022-08-14 12:00:00
303,3.091959325886969,0.0,5.28406587488513,97.6,2.991105163578947,2022-08-14 13:00:00
304,5.7060074369773695,0.0,5.52405610926013,602.3,5.437725617515261,2022-08-14 14:00:00
305,5.457265007834174,0.0,5.514076861213255,632.4,5.079760287183295,2022-08-14 15:00:00
306,4.743445546309487,0.0,5.874062212775755,472.1,4.40625970097399,2022-08-14 16:00:00
307,3.1337769825749016,0.0,5.52405610926013,215.4,2.9585385463430134,2022-08-14 17:00:00
308,3.1853523503374337,0.0,5.374062212775755,212.6,3.0128813989578394,2022-08-14 18:00:00
309,2.4803029912869654,0.0,5.10407319910388,57.3,2.363316332276554,2022-08-14 19:00:00
310,2.380849317466911,0.0,5.074074419807005,25.9,2.2750366904632915,2022-08-14 20:00:00
311,2.5040739908818566,0.0,5.29407564051013,11.0,2.388235174312788,2022-08-14 21:00:00
312,2.6350412260554297,0.0,5.35407319910388,0.0,2.5741702540656846,2022-08-14 22:00:00
313,3.0682404821708484,0.0,5.514076861213255,0.0,3.0147197502778162,2022-08-14 23:00:00
314,2.648315837497134,0.0,5.194069536994505,0.0,2.598756364750115,2022-08-15 00:00:00
315,2.8347869516040323,0.0,5.15406099207263,0.0,2.7806874929016483,2022-08-15 01:00:00
316,2.754403804714638,0.0,5.28406587488513,0.0,2.6953441520207404,2022-08-15 02:00:00
317,2.877175043124053,0.0,5.35407319910388,0.0,2.820582953430849,2022-08-15 03:00:00
318,4.070612829908422,1.1605162932206385,5.27405610926013,0.0,2.855016604384707,2022-08-15 04:00:00
319,3.6005041751928664,0.7021987079849658,5.34406343347888,14.7,2.843343492294456,2022-08-15 05:00:00
320,2.4544934664018205,0.0,5.124062212775755,29.800000000000008,2.4105653470175996,2022-08-15 06:00:00
321,2.211776804402721,0.0,5.09406343347888,47.0,2.126719961440294,2022-08-15 07:00:00
322,3.040175673274267,0.0,5.244057329963255,82.2,2.924565353905897,2022-08-15 08:00:00
323,3.2223240625384593,0.0,5.29407564051013,131.20000000000002,3.1109810968662517,2022-08-15 09:00:00
324,3.915627626852287,0.0,5.634071978400755,207.1,3.7847871573249767,2022-08-15 10:00:00
325,4.016426465821737,0.0,5.254067095588255,303.5,3.878781933773046,2022-08-15 11:00:00
326,4.613198251515814,0.0,6.08405366785388,399.2,4.4274754978059665,2022-08-15 12:00:00
327,2.9378400673736658,0.0,5.364052447150755,200.7,2.8378017052252873,2022-08-15 13:00:00
328,2.484776698528239,0.0,5.46405855066638,141.4,2.4137645040624793,2022-08-15 14:00:00
329,2.51590788925338,0.0,5.85407319910388,94.5,2.4635832647013913,2022-08-15 15:00:00
330,2.8114755964409115,0.0,6.02405610926013,91.5,2.7553885572736707,2022-08-15 16:00:00
331,2.681292085647274,0.0,6.03406587488513,75.8,2.640361657382883,2022-08-15 17:00:00
332,2.406900029544131,0.0,6.324074419807005,35.6,2.3896746309913897,2022-08-15 18:00:00
333,2.552527810399009,0.0,6.314064654182005,27.4,2.5093914884542508,2022-08-15 19:00:00
334,2.582609528050848,0.0,5.84406343347888,27.3,2.4999235893739096,2022-08-15 20:00:00
335,2.754630688380215,0.0,5.72406831629138,6.5,2.7127993508404558,2022-08-15 21:00:00
336,2.5434686612436965,0.0,5.59406343347888,0.0,2.4977739334260227,2022-08-15 22:00:00
337,2.631348605417071,0.0,5.444069536994505,0.0,2.5881085342365875,2022-08-15 23:00:00
338,2.4673979901671483,0.0,5.324074419807005,0.0,2.425529684720128,2022-08-16 00:00:00
339,1.582130969553606,0.0,4.884071978400755,0.0,1.5455798740638895,2022-08-16 01:00:00
340,0.7096675885558745,0.0,4.41407075769763,0.0,0.6794816151995624,2022-08-16 02:00:00
341,0.3202802844229342,0.0,4.41407075769763,0.0,0.2938927259987464,2022-08-16 03:00:00
342,0.0001113407302889641,0.0,3.7540670955882547,0.0,0.0001113407302889641,2022-08-16 04:00:00
343,0.0006115709006067477,0.0,3.5640646541820047,17.3,0.0005462702689361151,2022-08-16 05:00:00
344,0.0012218826215024238,0.0,3.1940695369945047,40.1,0.00014295396986409542,2022-08-16 06:00:00
345,0.13861356796299515,0.0,3.2640768612132547,96.3,0.12867398049607373,2022-08-16 07:00:00
346,1.025074361174417,0.0,3.6440512264476297,254.8,0.9967432666227273,2022-08-16 08:00:00
347,2.0243198562477254,0.0,3.9940573299632547,415.7,1.9530727302710207,2022-08-16 09:00:00
348,2.3915145611773143,0.0,3.6940695369945047,460.8000000000001,2.2580286717393174,2022-08-16 10:00:00
349,2.5138619394808304,0.0,3.8240744198070047,446.3,2.3389591521974102,2022-08-16 11:00:00
350,3.0242789903953775,0.0,3.2940756405101297,527.4,2.768886968654177,2022-08-16 12:00:00
351,2.7703792706234167,0.0,3.2440573299632547,449.5,2.5238372502267836,2022-08-16 13:00:00
352,3.2307934058529106,0.0,3.2940756405101297,475.3000000000001,2.9481906476142066,2022-08-16 14:00:00
353,3.037863580559338,0.0,3.2040487850413797,439.5,2.761993490244927,2022-08-16 15:00:00
354,2.761826819304197,0.0,3.2140585506663797,378.8,2.5174419842627307,2022-08-16 16:00:00
355,1.717988018687525,0.0,3.1240622127757547,194.9,1.5916206122025214,2022-08-16 17:00:00
356,1.2607252521011258,0.0,3.0840536678538797,144.29999999999998,1.1796368270776103,2022-08-16 18:00:00
357,1.3520720695261266,0.33897499939690157,3.2340475643382547,63.899999999999984,0.9762760819145712,2022-08-16 19:00:00
358,1.18844691757109,0.28032839896891704,2.7440573299632547,22.2,0.8748877509220884,2022-08-16 20:00:00
359,0.9757076970993588,0.0,2.7640768612132547,11.0,0.9306110758449104,2022-08-16 21:00:00
360,0.7254276395677728,0.0,2.6340719784007547,0.4,0.7119815762895114,2022-08-16 22:00:00
361,0.677092784305915,0.0,2.5440756405101297,0.0,0.6645782278215118,2022-08-16 23:00:00
362,0.6322489733162618,0.0,2.5140768612132547,0.0,0.6200660063022198,2022-08-17 00:00:00
363,0.2884105327146817,0.0,2.3040548885570047,0.0,0.28542971501730136,2022-08-17 01:00:00
364,0.29120107507068016,0.0,2.0140768612132547,0.0,0.2881895946030031,2022-08-17 02:00:00
365,0.33720018575561606,0.0,1.4140707576976297,0.0,0.3318079101519279,2022-08-17 03:00:00
366,0.22836267827853152,0.0,0.9140707576976297,0.8,0.22518742402621317,2022-08-17 04:00:00
367,0.09188354701689194,0.006876137940474899,0.5840536678538797,8.299999999999999,0.1685840444291681,2022-08-17 05:00:00
368,0.2785297293484289,0.0010102947225729471,0.6140524471507547,34.0,0.3257911805685215,2022-08-17 06:00:00
369,0.6016355503814553,0.0,0.6640707576976297,62.899999999999984,0.5476088384417415,2022-08-17 07:00:00
370,0.819781394635893,0.0,0.8040548885570047,96.8,0.7970862090395301,2022-08-17 08:00:00
371,1.2054365297239045,0.004345217695349702,1.0040670955882547,147.4,1.1702715061593092,2022-08-17 09:00:00
372,1.563723140229367,0.004074922341647298,0.8740622127757547,200.5,1.497648819884501,2022-08-17 10:00:00
373,2.082892017996156,0.01022777723057268,0.9040609920726297,274.0,1.9710086985139248,2022-08-17 11:00:00
374,2.7467180588585647,0.02787425078108344,1.1840597713695047,379.2,2.598988505791962,2022-08-17 12:00:00
375,2.5278563606911213,0.0,1.2840658748851297,354.5,2.4230329434135673,2022-08-17 13:00:00
376,2.1452296023636617,0.018207768417252745,1.4140707576976297,279.59999999999997,2.031788441867702,2022-08-17 14:00:00
377,2.698835549251408,0.0,1.6940695369945047,376.6,2.5477666711216678,2022-08-17 15:00:00
378,1.703428507773069,0.0,1.8740622127757547,213.1,1.6141870767148978,2022-08-17 16:00:00
379,1.5204966782739293,0.0,2.2540670955882547,189.6,1.443343589496728,2022-08-17 17:00:00
380,1.086888495252335,0.27099527073584057,2.1540609920726297,84.6,0.7899933160601904,2022-08-17 18:00:00
381,0.6053443858630934,0.0,1.5340658748851297,67.5,0.5893658163526483,2022-08-17 19:00:00
382,0.5030563748588189,0.0,1.5140768612132547,37.9,0.4894032177456032,2022-08-17 20:00:00
383,0.28984026385051354,0.0,1.6040731991038797,5.9,0.2860426544712397,2022-08-17 21:00:00
384,0.2971557867038715,0.0,1.7640768612132547,0.0,0.2905514167555202,2022-08-17 22:00:00
385,0.2769030576060059,0.0,1.6340719784007547,0.0,0.27054540163990237,2022-08-17 23:00:00
386,0.35290170049015407,0.0,1.8240744198070047,0.0,0.34590793788280005,2022-08-18 00:00:00
387,0.3563628612211843,0.0,1.6440512264476297,0.0,0.34988418497814544,2022-08-18 01:00:00
388,0.36806242387782295,0.0,1.7040487850413797,0.0,0.3617657992399388,2022-08-18 02:00:00
389,0.3180635897846291,0.0,1.7340475643382547,0.0,0.31184685662224765,2022-08-18 03:00:00
390,0.25837269077122704,0.0,1.7540670955882547,1.2,0.2526715834333134,2022-08-18 04:00:00
391,0.2683037072988937,0.0,1.6940695369945047,8.799999999999999,0.26421814590093995,2022-08-18 05:00:00
392,0.5128437871384601,0.0,1.9140707576976297,38.4,0.5076015421601728,2022-08-18 06:00:00
393,0.6062963993533386,0.0,2.4640585506663797,72.60000000000001,0.6050255158827803,2022-08-18 07:00:00
394,0.7658861008382719,0.0,2.1940695369945047,89.8,0.7634073891290718,2022-08-18 08:00:00
395,0.9856306067243913,0.010659073470745094,1.2740561092601297,118.29999999999997,0.962655291617818,2022-08-18 09:00:00
396,1.3384327895564248,0.15307065693266395,1.1640707576976297,146.9,1.1446189976020642,2022-08-18 10:00:00
397,1.8030027209930934,0.04754207182660731,1.0840536678538797,230.90000000000006,1.6838726772305266,2022-08-18 11:00:00
398,2.4732854880731443,0.04047649948923218,1.2740561092601297,336.0,2.353304272151166,2022-08-18 12:00:00
399,3.282104592866121,0.1491662806081968,1.5340658748851297,491.6999999999999,2.9829596518705648,2022-08-18 13:00:00
400,3.9568784303247124,0.1210963831094178,1.9040609920726297,686.2,3.5295719144565796,2022-08-18 14:00:00
401,3.6006564932085836,0.23769579940880223,2.7840658748851297,543.0,3.0791322852008847,2022-08-18 15:00:00
402,2.8349538191914947,0.2895964778015457,1.9640585506663797,430.6,2.3070071932964247,2022-08-18 16:00:00
403,1.7764929157200973,0.0,1.7340475643382547,361.8,1.5738262282692135,2022-08-18 17:00:00
404,0.4403255133217595,0.0,1.4540487850413797,191.2,0.3441364958045803,2022-08-18 18:00:00
405,0.27441765026321685,0.0,1.3340536678538797,79.8,0.24474729846201898,2022-08-18 19:00:00
406,0.20310419887129316,0.0,1.0440756405101297,32.199999999999996,0.19583714623147203,2022-08-18 20:00:00
407,0.08117582859436809,0.0,1.6640707576976297,7.799999999999998,0.08022053982465865,2022-08-18 21:00:00
408,0.0014651932065245805,0.0,1.4040609920726297,0.0,0.0012157538111397172,2022-08-18 22:00:00
409,8.301048641778895e-05,0.0,0.8740622127757547,0.0,8.301048641778895e-05,2022-08-18 23:00:00
410,6.756659618377891e-05,0.0,0.7540670955882547,0.0,6.756659618377891e-05,2022-08-19 00:00:00
411,7.941255618584894e-05,0.0,0.2740561092601297,0.0,7.941255618584894e-05,2022-08-19 01:00:00
412,0.00019656049429670852,0.0,0.4140707576976297,0.0,0.00019656049429670852,2022-08-19 02:00:00
413,4.461829791436847e-06,0.0,-0.2159341251148703,0.0,4.461829791436847e-06,2022-08-19 03:00:00
414,2.6099684897361084e-06,0.0,-0.6159280215992453,0.0,2.6099684897361084e-06,2022-08-19 04:00:00
415,0.00013053920451465886,0.0,-1.0359414493336203,26.9,0.00012499246414328437,2022-08-19 05:00:00
416,5.3752407780020474e-05,0.0,-0.5359414493336203,53.8,3.9353650062190716e-05,2022-08-19 06:00:00
417,0.000350965349673274,0.0,-0.4059365665211203,160.2,0.0002067425993114904,2022-08-19 07:00:00
418,0.02332276992290312,0.0,0.4140707576976297,298.8,0.02276118589957791,2022-08-19 08:00:00
419,0.9093180469440353,0.0,1.2140585506663797,432.7,0.9050622916065347,2022-08-19 09:00:00
420,1.5715962951244447,0.0,0.9740683162913797,534.4,1.552410601819418,2022-08-19 10:00:00
421,2.091023427538309,0.0,1.8140646541820047,612.1,2.038229412017885,2022-08-19 11:00:00
422,2.531594929322608,0.0,2.0040670955882547,637.5,2.4199726922286784,2022-08-19 12:00:00
423,3.2755167327732613,0.0,2.3340536678538797,712.7,3.0290769115774236,2022-08-19 13:00:00
424,3.0704384865601266,0.0,2.4840475643382547,658.3,2.7311619878918885,2022-08-19 14:00:00
425,2.8826137953044024,0.0,2.4440695369945047,598.3,2.5113428411606624,2022-08-19 15:00:00
426,2.320793635811514,0.0,2.6140524471507547,498.0,1.9899850710191362,2022-08-19 16:00:00
427,1.2289512936500553,0.0,2.4440695369945047,326.6,1.0165430775293978,2022-08-19 17:00:00
428,0.5832797112553916,0.0,2.4340597713695047,120.5,0.5183802430509588,2022-08-19 18:00:00
429,0.20989738463377372,0.0,2.6540609920726297,50.6,0.19102717960298415,2022-08-19 19:00:00
430,0.02077593781352553,0.0,2.4240500057445047,19.6,0.017238603854526777,2022-08-19 20:00:00
431,6.041508259878259e-05,0.0,2.2340475643382547,2.8,5.54275567744817e-05,2022-08-19 21:00:00
432,0.00012633836599621558,0.0,2.0340658748851297,0.0,0.00012633836599621558,2022-08-19 22:00:00
433,7.890980994489627e-05,0.0,1.7340475643382547,0.0,7.890980994489627e-05,2022-08-19 23:00:00
434,2.466285666233226e-05,0.0,1.8240744198070047,0.0,2.466285666233226e-05,2022-08-20 00:00:00
435,2.38579603034258e-06,0.0,0.9840475643382547,0.0,2.38579603034258e-06,2022-08-20 01:00:00
436,0.00012274796862563845,0.0,0.4340597713695047,0.0,0.00012274796862563845,2022-08-20 02:00:00
437,5.002797256330641e-05,0.0,0.7440573299632547,0.0,5.002797256330641e-05,2022-08-20 03:00:00
438,6.426873871040791e-05,0.0,0.6940695369945047,0.0,6.426873871040791e-05,2022-08-20 04:00:00
439,4.21399219330307e-05,0.0,0.6440512264476297,9.5,4.21399219330307e-05,2022-08-20 05:00:00
440,0.00019658977678914665,0.0,0.3140646541820047,32.1,0.00011873034240805263,2022-08-20 06:00:00
441,0.018789438267681573,0.0,0.1740500057445047,51.3,0.01793220614578366,2022-08-20 07:00:00
442,0.5201570136412943,0.0,0.3540731991038797,106.2,0.5177132641168867,2022-08-20 08:00:00
443,1.1369940446706601,0.0,0.5640646541820047,197.7,1.13196573557795,2022-08-20 09:00:00
444,1.002481157508451,0.0,0.7740561092601297,171.5,0.9977193405152388,2022-08-20 10:00:00
445,1.101981743521162,0.0,0.9740683162913797,189.1,1.0932271254122383,2022-08-20 11:00:00
446,1.5701837894917983,0.0,0.9040609920726297,262.5,1.5484434665072841,2022-08-20 12:00:00
447,1.6011794910216006,0.0,0.9740683162913797,243.8,1.5679069793444254,2022-08-20 13:00:00
448,1.8478349187519503,0.0,1.1340719784007547,277.90000000000003,1.792255513258118,2022-08-20 14:00:00
449,1.466651776025614,0.0,1.3340536678538797,212.2,1.4191944684354358,2022-08-20 15:00:00
450,1.3841602059288085,0.0,1.4340597713695047,222.3,1.329198609552928,2022-08-20 16:00:00
451,1.2933947233434058,0.02074092416798415,1.4840475643382547,183.1,1.2281480290268736,2022-08-20 17:00:00
452,1.108855842584045,0.025099197374016866,1.0740744198070047,130.6,1.0317292174148696,2022-08-20 18:00:00
453,0.8285410102171435,0.05451641732190959,0.8940512264476297,86.7,0.7355178341920418,2022-08-20 19:00:00
454,0.4982520197887274,0.09339772648241731,0.9640585506663797,37.8,0.3939755500715153,2022-08-20 20:00:00
455,0.29486039216491394,0.1587736893828324,1.0940634334788797,4.7,0.19329239937038514,2022-08-20 21:00:00
456,0.2305419044528166,0.15592880581543467,1.2440573299632547,0.0,0.14074484640839163,2022-08-20 22:00:00
457,0.14601020770068524,0.019167396183480397,1.2440573299632547,0.0,0.1361539247707505,2022-08-20 23:00:00
458,0.15084498210036973,0.0,0.9540487850413797,0.0,0.14943289778071717,2022-08-21 00:00:00
459,0.13463328006312492,0.0,0.7340475643382547,0.0,0.13373450039179857,2022-08-21 01:00:00
460,0.0938613524471027,0.0,0.6740500057445047,0.0,0.09380738022638102,2022-08-21 02:00:00
461,0.0825660159756345,0.0,0.6140524471507547,0.0,0.0824595795683005,2022-08-21 03:00:00
462,0.09014611581416584,0.0,0.5840536678538797,0.0,0.08958813361476334,2022-08-21 04:00:00
463,0.06693419559168762,0.0,0.6240622127757547,5.6,0.1203624867729015,2022-08-21 05:00:00
464,0.18006078152196256,0.0,0.6540609920726297,23.6,0.21127903000004972,2022-08-21 06:00:00
465,0.5067277515390296,0.0,0.7840658748851297,66.60000000000001,0.4996326660055373,2022-08-21 07:00:00
466,1.0189180651067284,0.0,0.9640585506663797,143.4,1.0032871811404764,2022-08-21 08:00:00
467,1.552438590540069,0.0,1.0740744198070047,239.5,1.5168294064252286,2022-08-21 09:00:00
468,1.8586906498764735,0.0,1.2240683162913797,288.3,1.7947907129338756,2022-08-21 10:00:00
469,2.783428861512027,0.0,1.5440756405101297,444.9,2.632117738091808,2022-08-21 11:00:00
470,2.9898611189443254,0.0,1.8740622127757547,480.3000000000001,2.7803956706112762,2022-08-21 12:00:00
471,2.918751479489944,0.0,2.0040670955882547,474.1,2.6778477229815394,2022-08-21 13:00:00
472,3.0113386850275985,0.0,2.3040548885570047,570.1999999999999,2.6857265084455753,2022-08-21 14:00:00
473,3.779010503535344,0.0,2.3040548885570047,649.1,3.3562407961464764,2022-08-21 15:00:00
474,2.4672724434364834,0.0,2.3140646541820047,412.2,2.2000383731577022,2022-08-21 16:00:00
475,1.9726330083663388,0.0,2.1240622127757547,387.1,1.722843417369817,2022-08-21 17:00:00
476,1.0136143617547435,0.0,1.9140707576976297,284.59999999999997,0.8399607972372476,2022-08-21 18:00:00
477,0.13266225441770946,0.0,1.7440573299632547,167.4,0.03968146723252587,2022-08-21 19:00:00
478,0.019030178636954068,0.0,1.4340597713695047,50.4,2.268345102036787e-06,2022-08-21 20:00:00
479,0.0003758469707141215,0.0,0.6040731991038797,4.6000000000000005,2.962070201865127e-05,2022-08-21 21:00:00
480,0.00018707408273682267,0.0,-0.07594999425549531,0.0,0.00018707408273682267,2022-08-21 22:00:00
481,0.0002959967506906402,0.0,-0.2759316837086203,0.0,0.0002959967506906402,2022-08-21 23:00:00
482,0.00020397327147673232,0.0,0.08405366785387969,0.0,0.0002039732714767323,2022-08-22 00:00:00
483,0.00023467274207465694,0.0,0.024056109260129688,0.0,0.00023467274207465694,2022-08-22 01:00:00
484,0.0001951030750354866,0.0,0.3340536678538797,0.0,0.0001951030750354866,2022-08-22 02:00:00
485,0.00019973569816997267,0.0,0.4740683162913797,0.0,0.00019973569816997267,2022-08-22 03:00:00
486,5.21315095578943e-05,0.0,0.6540609920726297,0.0,5.21315095578943e-05,2022-08-22 04:00:00
487,0.00010735861844067582,0.0,1.2840658748851297,6.0,0.00010735861844067584,2022-08-22 05:00:00
488,0.00022912184227904972,0.0,1.6840597713695047,28.2,0.00022912184227904972,2022-08-22 06:00:00
489,0.008202433439399944,0.0,2.0040670955882547,47.5,0.008173018392990592,2022-08-22 07:00:00
490,0.426291015732175,0.0,2.5640646541820047,83.9,0.425751296757986,2022-08-22 08:00:00
491,1.176861114413644,0.0,2.2540670955882547,121.0,1.176771485954022,2022-08-22 09:00:00
492,2.4514065953057482,0.33183981721674766,2.3740622127757547,175.5,2.089109202200781,2022-08-22 10:00:00
493,2.781683483747065,0.5673781092233117,3.2940756405101297,221.5,2.209543887349228,2022-08-22 11:00:00
494,3.1548968353557094,0.6544297621097699,3.8740622127757547,265.40000000000003,2.4899293450949718,2022-08-22 12:00:00
495,3.109174350913105,0.43484460600743896,4.35407319910388,287.0,2.6557890808701954,2022-08-22 13:00:00
496,2.6808311014155968,0.0,4.35407319910388,287.0,2.6544449732687783,2022-08-22 14:00:00
497,2.556500488028874,0.0,5.10407319910388,296.5,2.5178547664947866,2022-08-22 15:00:00
498,2.39247731535068,0.0,5.41407075769763,172.1,2.373323112450941,2022-08-22 16:00:00
499,2.008096690425695,0.0,5.03406587488513,84.3,2.003210302091553,2022-08-22 17:00:00
500,1.9986316379290412,0.0,4.65406099207263,49.4,1.979651044849358,2022-08-22 18:00:00
501,2.010014211256993,0.0,4.72406831629138,26.2,1.985504463889758,2022-08-22 19:00:00
502,3.2068007533371534,0.9767923133058461,5.234047564338255,11.2,2.2204468127762285,2022-08-22 20:00:00
503,3.705428889764116,1.3160917516274484,5.734047564338255,0.0,2.3790036886411787,2022-08-22 21:00:00
504,3.64967824539462,0.904543248379094,6.174050005744505,0.0,2.7386179917015494,2022-08-22 22:00:00
505,2.7674447101409387,0.3209969418012421,6.02405610926013,0.0,2.4367367552326153,2022-08-22 23:00:00
506,2.0221141385405614,0.0,5.16407075769763,0.0,2.0040611604081673,2022-08-23 00:00:00
507,2.6743258439947004,0.3964568909235025,5.10407319910388,0.0,2.250249294155255,2022-08-23 01:00:00
508,2.758163121514426,0.5007868743558018,5.434059771369505,0.0,2.2335064320166467,2022-08-23 02:00:00
509,2.324637675910333,0.24542447446585783,5.194069536994505,0.0,2.056719624451377,2022-08-23 03:00:00
510,1.8717821898966862,0.0,4.90406099207263,0.0,1.853544711201353,2022-08-23 04:00:00
511,1.459058202793059,0.0,5.364052447150755,2.6,1.456219529505606,2022-08-23 05:00:00
512,1.3187877781355704,0.0,5.79407564051013,7.0,1.3183355094973468,2022-08-23 06:00:00
513,1.3062725722826376,0.0,5.66407075769763,18.099999999999998,1.3052465068532078,2022-08-23 07:00:00
514,1.5046579482409927,0.0,4.71405855066638,50.3,1.4928216530141833,2022-08-23 08:00:00
515,2.254654750059431,0.0,4.674050005744505,97.3,2.231321636033411,2022-08-23 09:00:00
516,3.0226595872295485,0.0,5.58405366785388,135.79999999999998,2.970868490433384,2022-08-23 10:00:00
517,4.300115388358377,0.5075413186910647,5.564064654182005,191.6,3.699645260311014,2022-08-23 11:00:00
518,4.237618596356674,0.6735640740069345,5.28406587488513,152.5,3.4562135106008345,2022-08-23 12:00:00
519,3.5113587323865345,0.0,5.34406343347888,242.5,3.409210569709723,2022-08-23 13:00:00
520,2.702267307204117,0.0,5.41407075769763,134.6,2.6187364749796798,2022-08-23 14:00:00
521,3.1554111024654983,0.0,4.84406343347888,120.0,3.037194459567294,2022-08-23 15:00:00
522,2.777350593709487,0.4386826675297233,4.39405122644763,75.6,2.243351837907453,2022-08-23 16:00:00
523,2.7806703394441943,0.6493470190766617,3.9640585506663797,62.3,2.049486032235333,2022-08-23 17:00:00
524,2.500622546701026,0.35884786896381626,4.994057329963255,101.4,2.0856521054755754,2022-08-23 18:00:00
525,1.9893417485595115,0.0,5.09406343347888,44.9,1.9443411574002067,2022-08-23 19:00:00
526,1.0404274710986934,0.0,4.684059771369505,7.700000000000002,1.0311750070612862,2022-08-23 20:00:00
527,0.8259349707239905,0.0,4.15406099207263,1.4,0.8172023158900575,2022-08-23 21:00:00
528,0.37939631591125017,0.0,3.7540670955882547,0.0,0.36805308730848885,2022-08-23 22:00:00
529,0.20935474732866816,0.0,3.6840597713695047,0.0,0.20448910777577117,2022-08-23 23:00:00
530,0.1933892930595406,0.0,3.4340597713695047,0.0,0.18440036214361955,2022-08-24 00:00:00
531,0.4112940842087469,0.0,3.5440756405101297,0.0,0.4030101699796961,2022-08-24 01:00:00
532,0.5734730571179506,0.0,3.5440756405101297,0.0,0.5684847241242131,2022-08-24 02:00:00
533,0.40031147980534476,0.0,3.2840658748851297,0.0,0.3921600961050008,2022-08-24 03:00:00
534,0.22272132144754095,0.0,3.4440695369945047,0.0,0.21374990085940593,2022-08-24 04:00:00
535,0.5957909951618372,0.0,3.4040609920726297,29.6,0.5858288842704654,2022-08-24 05:00:00
536,1.2189835017548276,0.0,3.8440634334788797,59.100000000000016,1.1937364001712403,2022-08-24 06:00:00
537,0.61904627456672,0.0,3.5540548885570047,72.3,0.6033490896418985,2022-08-24 07:00:00
538,1.6758770599266621,0.0,3.8440634334788797,286.3,1.6398263936292916,2022-08-24 08:00:00
539,2.2272600026782885,0.0,4.14405122644763,357.0,2.1612477250240225,2022-08-24 09:00:00
540,2.5904839822979926,0.0,4.16407075769763,362.9,2.4981097377437647,2022-08-24 10:00:00
541,2.6108769733437525,0.0,4.484047564338255,332.2,2.4992634774069424,2022-08-24 11:00:00
542,3.2736902909511914,0.0,4.514076861213255,442.3,3.094724146936791,2022-08-24 12:00:00
543,4.3067698617302215,0.0,4.91407075769763,590.0,4.01428673608838,2022-08-24 13:00:00
544,3.6301563785492568,0.0,5.09406343347888,453.7,3.386625787048866,2022-08-24 14:00:00
545,2.957800974466876,0.0,4.91407075769763,404.4,2.7336365722663265,2022-08-24 15:00:00
546,1.829435011470318,0.0,5.03406587488513,254.40000000000006,1.6947757296587993,2022-08-24 16:00:00
