,date(UTC-2),PCPT(mm),AirPressure(hPa),AirTemperature(C),RelativeHumidity(%),WindSpeed(m/s),WindDirection(d),SensibleHeatFlux(W/m2),LatentHeatFlux(W/m2),ShortwaveRadiationDown_Cor(W/m2),ShortwaveRadiationUp_Cor(W/m2),Albedo_theta<70d,LongwaveRadiationUp(W/m2),CloudCover,SurfaceTemperature(C),IceTemperature1(C),IceTemperature2(C),IceTemperature3(C),IceTemperature4(C),IceTemperature5(C),IceTemperature6(C),IceTemperature7(C),IceTemperature8(C)
121978,01/08/2022 00:00,0,932,4.44,71,4.03,101.2,-999,-999,0,0,-999,319,0.16,0,-999,-999,-999,-999,-999,-999,-999,-999
121979,01/08/2022 01:00,0,932,4.12,73.2,3.78,107.9,-999,-999,0,0,-999,318.5,0.16,0,-999,-999,-999,-999,-999,-999,-999,-999
121980,01/08/2022 02:00,0,932,4.02,73.2,4.02,102,-999,-999,0,0,-999,318.4,0.15,0,-999,-999,-999,-999,-999,-999,-999,-999
121981,01/08/2022 03:00,0,932,4.19,70.8,4.18,105.8,43.2,-5.1,4.3,2,-999,318.4,0.15,0,0.86,0.18,0.03,-0.23,-1.62,-3.09,-3.92,-4.63
121982,01/08/2022 04:00,0,932,4.24,69.8,4.05,105.8,-999,-999,23.2,10.1,-999,318.3,0.14,0,-999,-999,-999,-999,-999,-999,-999,-999
121983,01/08/2022 05:00,0.000468688,932,3.98,71.2,4.16,104.4,-999,-999,42,18.3,-999,318.1,0.16,0,-999,-999,-999,-999,-999,-999,-999,-999
121984,01/08/2022 06:00,0.001225737,932,3.89,70.4,3.97,112.6,-999,-999,128.5,54.6,-999,318.1,0.16,0,-999,-999,-999,-999,-999,-999,-999,-999
121985,01/08/2022 07:00,0,932,4.17,67.4,3.74,108.7,-999,-999,260.5,108.2,-999,319,0.16,0,-999,-999,-999,-999,-999,-999,-999,-999
121986,01/08/2022 08:00,0,932,4.29,65.9,4.08,105.2,-999,-999,409.4,166,0.405,319.8,0.17,0,-999,-999,-999,-999,-999,-999,-999,-999
121987,01/08/2022 09:00,0,933,4.45,65,3.9,107.8,40.6,-11,524.2,222,0.424,320.7,0.18,0,3.91,3.24,0.3,-0.06,-1.52,-3.05,-3.9,-4.6
121988,01/08/2022 10:00,0,933,4.94,61,3.7,106.2,-999,-999,621.4,271.6,0.437,321.9,0.18,0,-999,-999,-999,-999,-999,-999,-999,-999
121989,01/08/2022 11:00,0,933,4.85,62.5,4.44,102.9,-999,-999,697.8,314.2,0.45,322.2,0.19,0,-999,-999,-999,-999,-999,-999,-999,-999
121990,01/08/2022 12:00,0,933,4.86,63.8,4.81,99.3,-999,-999,744.8,342.3,0.46,322.3,0.21,0,-999,-999,-999,-999,-999,-999,-999,-999
121991,01/08/2022 13:00,0,933,5,63.8,4.4,101.9,-999,-999,755.9,356,0.471,322.8,0.21,0,-999,-999,-999,-999,-999,-999,-999,-999
121992,01/08/2022 14:00,0,934,5.15,64.8,3.99,99.6,-999,-999,725.7,348,0.479,323.1,0.21,0,-999,-999,-999,-999,-999,-999,-999,-999
121993,01/08/2022 15:00,0,934,4.72,69.3,3.35,82,32,-2.2,674.4,332.3,0.493,323,0.25,0,2.37,1.15,0.36,0.09,-1.43,-2.99,-3.86,-4.61
121994,01/08/2022 16:00,0,935,5.08,69.9,3.21,87.3,-999,-999,524.7,269.7,0.514,322.5,0.24,0,-999,-999,-999,-999,-999,-999,-999,-999
121995,01/08/2022 17:00,0,935,5.05,70.8,3.72,81.7,-999,-999,475.1,253.9,0.534,322.5,0.28,0,-999,-999,-999,-999,-999,-999,-999,-999
121996,01/08/2022 18:00,0,936,5.06,70.9,3.62,88.9,-999,-999,336,191,0.568,322,0.27,0,-999,-999,-999,-999,-999,-999,-999,-999
121997,01/08/2022 19:00,0.031723525,936,5.25,70.1,4.01,88.8,-999,-999,237.5,132.3,-999,321.6,0.3,0,-999,-999,-999,-999,-999,-999,-999,-999
121998,01/08/2022 20:00,0.042033613,937,5.07,72.1,4.05,103.8,-999,-999,88.4,48.3,-999,320.8,0.67,0,-999,-999,-999,-999,-999,-999,-999,-999
121999,01/08/2022 21:00,0.07058471,938,4.6,75.3,3.48,80.9,34.1,3.8,33.6,18,-999,320.4,0.77,0,0.61,0.39,0.24,-0.08,-1.5,-3.03,-3.88,-4.6
122000,01/08/2022 22:00,0.045205932,938,4.01,80.5,3.12,71.7,-999,-999,7.9,4.1,-999,319.9,0.92,0,-999,-999,-999,-999,-999,-999,-999,-999
122001,01/08/2022 23:00,0.033273593,938,3.55,84.7,2.44,81.6,-999,-999,0.2,0.1,-999,319.3,0.77,0,-999,-999,-999,-999,-999,-999,-999,-999
122002,02/08/2022 00:00,0.010418356,938,3.69,83.4,3.15,84.5,-999,-999,0,0,-999,318.9,0.5,0,-999,-999,-999,-999,-999,-999,-999,-999
122003,02/08/2022 01:00,0.002559507,939,3.57,83.2,4.1,81.7,-999,-999,0,0,-999,319.3,0.81,0,-999,-999,-999,-999,-999,-999,-999,-999
122004,02/08/2022 02:00,0.009949668,939,3.85,80.6,4.3,106.4,-999,-999,0,0,-999,319.6,0.85,0,-999,-999,-999,-999,-999,-999,-999,-999
122005,02/08/2022 03:00,0.012148637,939,3.84,81.3,4.48,93.3,44.9,9.3,1,0.5,-999,319.6,0.76,0,1.37,0.88,0.3,-0.17,-1.52,-3.03,-3.88,-4.61
122006,02/08/2022 04:00,0.008543721,940,4.09,80.8,4.25,62.2,-999,-999,9.4,4.3,-999,320,0.94,0,-999,-999,-999,-999,-999,-999,-999,-999
122007,02/08/2022 05:00,0.011139317,940,4.65,78.7,4.43,57.8,-999,-999,36.1,16.1,-999,320.3,0.75,0,-999,-999,-999,-999,-999,-999,-999,-999
122008,02/08/2022 06:00,0.00991358,940,3.8,82,4,79.8,-999,-999,73.5,31.9,-999,319.8,0.88,0,-999,-999,-999,-999,-999,-999,-999,-999
122009,02/08/2022 07:00,0.007678522,940,4.09,79.1,4.97,99.1,-999,-999,150.1,63.5,-999,320.3,0.96,0,-999,-999,-999,-999,-999,-999,-999,-999
122010,02/08/2022 08:00,0.002199085,940,3.73,78.5,5.01,98.1,-999,-999,355.9,146.6,0.412,320.6,0.85,0,-999,-999,-999,-999,-999,-999,-999,-999
122011,02/08/2022 09:00,0.001225737,940,4.01,76.4,5.37,105.8,58.5,3.1,303.6,136.7,0.45,320.3,0.62,0,3.52,2.69,0.78,-0.03,-1.45,-2.98,-3.84,-4.6
122012,02/08/2022 10:00,0.000937376,941,4.72,72.1,5.83,102.6,-999,-999,384.1,174.1,0.453,321.5,0.87,0,-999,-999,-999,-999,-999,-999,-999,-999
122013,02/08/2022 11:00,0.000396627,941,4.92,72.2,5.93,95.9,-999,-999,399.6,181.1,0.453,321.8,0.81,0,-999,-999,-999,-999,-999,-999,-999,-999
122014,02/08/2022 12:00,0.00010815,940,4.79,74.2,5.8,92.2,-999,-999,585.8,260.3,0.444,321.9,0.54,0,-999,-999,-999,-999,-999,-999,-999,-999
122015,02/08/2022 13:00,0,940,4.66,76.2,5.88,103.2,-999,-999,795.5,357.1,0.449,322.1,0.26,0,-999,-999,-999,-999,-999,-999,-999,-999
122016,02/08/2022 14:00,0.000180327,940,4.85,78.7,5.41,100.3,-999,-999,700.1,324,0.463,321.9,0.32,0,-999,-999,-999,-999,-999,-999,-999,-999
122017,02/08/2022 15:00,0.003352645,941,4.66,80.9,5.18,105.3,59.6,18.7,649.5,305.3,0.47,322,0.67,0,3.25,2.43,1.6,0.11,-1.37,-2.95,-3.82,-4.59
122018,02/08/2022 16:00,0.008291449,941,4.98,82.8,3.9,99.6,-999,-999,214.6,104.8,0.488,321.8,0.93,0,-999,-999,-999,-999,-999,-999,-999,-999
122019,02/08/2022 17:00,0.000396627,941,5.04,83.3,3.77,96.3,-999,-999,171.6,84.2,0.491,321.8,0.97,0,-999,-999,-999,-999,-999,-999,-999,-999
122020,02/08/2022 18:00,0.015068683,941,4.78,84.3,4.37,97.9,-999,-999,136.5,66.5,0.487,321.5,0.96,0,-999,-999,-999,-999,-999,-999,-999,-999
122021,02/08/2022 19:00,0.18547405,941,4.69,84,5.25,101,-999,-999,99.5,47.8,-999,321,0.88,0,-999,-999,-999,-999,-999,-999,-999,-999
122022,02/08/2022 20:00,0.07779454,941,4.42,84.1,4.21,105.2,-999,-999,61.5,29.1,-999,320.5,0.86,0,-999,-999,-999,-999,-999,-999,-999,-999
122023,02/08/2022 21:00,0.057210445,942,4.4,83.8,3.96,102.2,41.6,15.9,26.5,12.4,-999,320.3,0.83,0,1.52,1.17,0.78,-0.05,-1.44,-2.97,-3.83,-4.6
122024,02/08/2022 22:00,0.06943115,942,4.18,86.9,3.91,110.9,-999,-999,6.3,2.9,-999,320.1,0.9,0,-999,-999,-999,-999,-999,-999,-999,-999
122025,02/08/2022 23:00,0.031290926,942,4.45,87.6,3.81,104.9,-999,-999,0,0,-999,320.3,0.9,0,-999,-999,-999,-999,-999,-999,-999,-999
122026,03/08/2022 00:00,0.06254576,942,4.28,88.1,3.5,101.2,-999,-999,0,0,-999,320.3,0.92,0,-999,-999,-999,-999,-999,-999,-999,-999
122027,03/08/2022 01:00,0.044232585,942,4.34,86.9,3.61,94.8,-999,-999,0,0,-999,320.1,0.87,0,-999,-999,-999,-999,-999,-999,-999,-999
122028,03/08/2022 02:00,0.021377346,941,4.16,85.7,3.64,94.1,-999,-999,0,0,-999,319.8,0.86,0,-999,-999,-999,-999,-999,-999,-999,-999
122029,03/08/2022 03:00,0.015248894,941,3.97,85.4,3.44,97.4,30.9,11.9,0.8,0.3,-999,319.8,0.81,0,1.64,1.22,0.68,-0.14,-1.45,-2.96,-3.82,-4.59
122030,03/08/2022 04:00,0.001910608,941,4.29,82.1,4.09,91.7,-999,-999,32,13.1,-999,320,0.75,0,-999,-999,-999,-999,-999,-999,-999,-999
122031,03/08/2022 05:00,0.000757049,940,4.45,79.1,4.63,95.9,-999,-999,63.1,25.9,-999,319.8,0.55,0,-999,-999,-999,-999,-999,-999,-999,-999
122032,03/08/2022 06:00,0,940,4.45,77.9,4.28,96.7,-999,-999,105.6,42.5,-999,319.3,0.21,0,-999,-999,-999,-999,-999,-999,-999,-999
122033,03/08/2022 07:00,0,939,5.15,74.8,5.83,83.6,-999,-999,240.2,95.1,-999,320.4,0.18,0,-999,-999,-999,-999,-999,-999,-999,-999
122034,03/08/2022 08:00,0,938,5.55,71.4,7.4,87.6,-999,-999,379,147.4,0.389,320.8,0.18,0,-999,-999,-999,-999,-999,-999,-999,-999
122035,03/08/2022 09:00,0,938,5.45,68.8,6.61,107.8,96.7,2.9,496.6,198.6,0.4,321.2,0.18,0,5.03,2.98,1.74,0.05,-1.34,-2.91,-3.79,-4.58
122036,03/08/2022 10:00,0,937,5.16,68.5,5.9,97.3,-999,-999,539.9,223.6,0.414,321.5,0.19,0,-999,-999,-999,-999,-999,-999,-999,-999
122037,03/08/2022 11:00,0,936,5.14,68.5,5.68,104.7,-999,-999,657.3,278.6,0.424,321.8,0.21,0,-999,-999,-999,-999,-999,-999,-999,-999
122038,03/08/2022 12:00,0,935,5.82,66.3,5.6,101.2,-999,-999,704.5,306.1,0.434,322.9,0.23,0,-999,-999,-999,-999,-999,-999,-999,-999
122039,03/08/2022 13:00,0,933,6.14,65.5,7.55,80.5,-999,-999,480.6,216,0.45,322.6,0.4,0,-999,-999,-999,-999,-999,-999,-999,-999
122040,03/08/2022 14:00,0,931,7.05,57.2,8.83,84.2,-999,-999,543.4,246.8,0.454,323.7,0.53,0,-999,-999,-999,-999,-999,-999,-999,-999
122041,03/08/2022 15:00,0,930,6.03,62,8.39,100.8,136,-12.4,471,215.4,0.457,322.5,0.48,0,3.52,2.8,3.44,0.12,-1.28,-2.88,-3.77,-4.57
122042,03/08/2022 16:00,0,929,5.4,64.8,6.01,117,-999,-999,329.6,154.8,0.47,321.9,0.78,0,-999,-999,-999,-999,-999,-999,-999,-999
122043,03/08/2022 17:00,0,928,5.42,65.7,6.26,102.4,-999,-999,202.2,94.8,0.469,321.7,0.81,0,-999,-999,-999,-999,-999,-999,-999,-999
122044,03/08/2022 18:00,0,927,6.16,65.2,6.15,103.8,-999,-999,105.6,49.8,0.472,322.4,0.86,0,-999,-999,-999,-999,-999,-999,-999,-999
122045,03/08/2022 19:00,0,927,6.62,73.3,5.04,125.6,-999,-999,64.2,30.2,-999,323.1,0.91,0,-999,-999,-999,-999,-999,-999,-999,-999
122046,03/08/2022 20:00,0,927,5.31,93.1,3.83,110.6,-999,-999,43.7,20.6,-999,322.3,0.98,0,-999,-999,-999,-999,-999,-999,-999,-999
122047,03/08/2022 21:00,0.000865199,927,6.09,91,5.82,119.3,89.6,68.4,20.3,9.6,-999,323.1,0.96,0,2.72,2.63,1.96,0.04,-1.37,-2.9,-3.78,-4.58
122048,03/08/2022 22:00,0.060599066,927,6.3,91.8,6.31,126.5,-999,-999,2.2,1,-999,323.8,0.99,0,-999,-999,-999,-999,-999,-999,-999,-999
122049,03/08/2022 23:00,0.38378167,927,5.78,92.8,5.36,114.2,-999,-999,0,0,-999,323.2,1,0,-999,-999,-999,-999,-999,-999,-999,-999
122050,04/08/2022 00:00,0.5619737,927,5.44,94,4.67,106.2,-999,-999,0,0,-999,322.5,1,0,-999,-999,-999,-999,-999,-999,-999,-999
122051,04/08/2022 01:00,0.55620587,926,5.36,93.8,4.57,109.8,-999,-999,0,0,-999,322.4,1,0,-999,-999,-999,-999,-999,-999,-999,-999
122052,04/08/2022 02:00,0.5927599,926,5.42,91.3,5.34,117.5,-999,-999,0,0,-999,322.4,0.97,0,-999,-999,-999,-999,-999,-999,-999,-999
122053,04/08/2022 03:00,0.53259355,926,5.89,94.6,5.29,122.4,77.1,66.2,0,0,-999,323.1,0.95,0,3.24,2.81,2.11,-0.09,-1.39,-2.92,-3.77,-4.6
122054,04/08/2022 04:00,0.28846717,926,6.13,92.2,5.48,124.6,-999,-999,8.1,3.8,-999,323.6,0.98,0,-999,-999,-999,-999,-999,-999,-999,-999
122055,04/08/2022 05:00,0.14686514,926,6.13,90.9,4.91,127,-999,-999,19.4,9,-999,323.6,0.97,0,-999,-999,-999,-999,-999,-999,-999,-999
122056,04/08/2022 06:00,0.22548886,926,5.95,91.9,6.36,135,-999,-999,44.3,20.6,-999,323.5,0.98,0,-999,-999,-999,-999,-999,-999,-999,-999
122057,04/08/2022 07:00,0.7200142,927,5.08,88.3,4.78,110.5,-999,-999,93.2,43.2,-999,322.4,0.98,0,-999,-999,-999,-999,-999,-999,-999,-999
122058,04/08/2022 08:00,2.0057151,927,6.33,74.9,7,130.3,-999,-999,201.5,93.3,0.463,323.3,0.74,0,-999,-999,-999,-999,-999,-999,-999,-999
122059,04/08/2022 09:00,2.3624237,927,6.72,68.8,8.6,136,153.4,28.4,231.1,112.3,0.486,323,0.48,0,5.26,3.76,3.89,0.04,-1.29,-2.86,-3.75,-4.56
122060,04/08/2022 10:00,1.6801531,927,6.47,67,8.7,132.8,-999,-999,446.5,199.9,0.448,322.8,0.5,0,-999,-999,-999,-999,-999,-999,-999,-999
122061,04/08/2022 11:00,0.6839288,928,5.56,72.6,8.17,126.7,-999,-999,288.7,143.5,0.497,322.5,0.88,0,-999,-999,-999,-999,-999,-999,-999,-999
122062,04/08/2022 12:00,0.18594274,929,5.09,75.4,7.91,132,-999,-999,298.3,151,0.506,322.3,0.92,0,-999,-999,-999,-999,-999,-999,-999,-999
122063,04/08/2022 13:00,0.05475909,930,4.81,76.6,7.66,135.4,-999,-999,364.4,175.7,0.482,321.7,0.89,0,-999,-999,-999,-999,-999,-999,-999,-999
122064,04/08/2022 14:00,0.021665707,930,4.52,78.8,6.78,130.8,-999,-999,296.2,144.2,0.487,321.4,0.91,0,-999,-999,-999,-999,-999,-999,-999,-999
122065,04/08/2022 15:00,0.023936853,931,3.77,87,6.62,134.9,69.2,29.5,189,100.7,0.533,320.8,0.94,0,2,1.26,1.84,0.08,-1.28,-2.85,-3.73,-4.58
122066,04/08/2022 16:00,0.10198367,932,3.89,86.6,5.36,128,-999,-999,156.8,82,0.523,320.6,0.87,0,-999,-999,-999,-999,-999,-999,-999,-999
122067,04/08/2022 17:00,0.22170366,933,4.07,80.4,6.82,132.5,-999,-999,125.2,64.2,0.512,320.3,0.82,0,-999,-999,-999,-999,-999,-999,-999,-999
122068,04/08/2022 18:00,0.10248844,933,4.28,79.4,8.45,133.4,-999,-999,115.5,55.6,0.481,320.1,0.77,0,-999,-999,-999,-999,-999,-999,-999,-999
122069,04/08/2022 19:00,0.14538714,933,4.38,78.1,9.09,141.3,-999,-999,66.3,31.9,-999,320.3,0.83,0,-999,-999,-999,-999,-999,-999,-999,-999
122070,04/08/2022 20:00,0.15703112,934,3.92,79.4,8.43,141.9,-999,-999,74.9,36.1,-999,319.6,0.7,0,-999,-999,-999,-999,-999,-999,-999,-999
122071,04/08/2022 21:00,0.14686514,935,3.76,81.3,8,137.7,84.4,16.5,18.2,8.8,-999,319.6,0.79,0,1.92,1.31,1.44,0,-1.3,-2.84,-3.73,-4.56
122072,04/08/2022 22:00,0.11326722,935,3.6,84.4,6.93,132.1,-999,-999,0.8,0.4,-999,319.4,0.83,0,-999,-999,-999,-999,-999,-999,-999,-999
122073,04/08/2022 23:00,0.09023166,935,3.84,85.8,5.62,130.4,-999,-999,0,0,-999,319.8,0.85,0,-999,-999,-999,-999,-999,-999,-999,-999
122074,05/08/2022 00:00,0.0654296,935,4.01,82.2,4.66,95.9,-999,-999,0,0,-999,319.9,0.82,0,-999,-999,-999,-999,-999,-999,-999,-999
122075,05/08/2022 01:00,0.06784499,934,4.39,81.1,6.05,138.7,-999,-999,0,0,-999,320.3,0.86,0,-999,-999,-999,-999,-999,-999,-999,-999
122076,05/08/2022 02:00,0.1231808,934,4.04,91.7,6.92,135.9,-999,-999,0,0,-999,320.8,0.93,0,-999,-999,-999,-999,-999,-999,-999,-999
122077,05/08/2022 03:00,0.1500015,933,3.57,94.3,5.07,122.3,49.2,34.4,0,0,-999,320,0.96,0,2.01,1.67,1.42,-0.11,-1.33,-2.86,-3.74,-4.58
122078,05/08/2022 04:00,0.17202762,933,4.28,95.1,6.14,134.7,-999,-999,8.4,4.1,-999,321,0.94,0,-999,-999,-999,-999,-999,-999,-999,-999
122079,05/08/2022 05:00,0.34686714,932,4.19,92.5,6.25,122.9,-999,-999,20.9,10.2,-999,321.1,0.94,0,-999,-999,-999,-999,-999,-999,-999,-999
122080,05/08/2022 06:00,0.5710942,931,3.99,94.8,5.87,125.2,-999,-999,41.2,20.2,-999,320.9,0.96,0,-999,-999,-999,-999,-999,-999,-999,-999
122081,05/08/2022 07:00,0.76204777,931,4.47,92.7,6.35,131.2,-999,-999,50.4,24.7,-999,321.6,0.95,0,-999,-999,-999,-999,-999,-999,-999,-999
122082,05/08/2022 08:00,0.72578216,930,5.47,83,7.34,135.1,-999,-999,101.2,49.6,-999,322.9,0.91,0,-999,-999,-999,-999,-999,-999,-999,-999
122083,05/08/2022 09:00,0.7521702,930,6.2,77.7,7.52,139.1,123.8,47.3,229.9,112.9,0.491,323.4,0.85,0,4.48,3.55,3.6,0.04,-1.23,-2.8,-3.69,-4.55
122084,05/08/2022 10:00,0.6969426,930,5.99,79.5,7.78,138.8,-999,-999,181.8,93.9,0.517,323.1,0.84,0,-999,-999,-999,-999,-999,-999,-999,-999
122085,05/08/2022 11:00,0.5128745,930,5.98,80.9,7.26,128.9,-999,-999,176.7,94.9,0.537,323.8,0.91,0,-999,-999,-999,-999,-999,-999,-999,-999
122086,05/08/2022 12:00,0.30306715,930,5.93,78.2,6.37,130.7,-999,-999,297.5,142.7,0.48,323.2,0.73,0,-999,-999,-999,-999,-999,-999,-999,-999
122087,05/08/2022 13:00,0.08612196,929,5.59,81.3,6.34,128.2,-999,-999,162.3,85.4,0.527,322.6,0.87,0,-999,-999,-999,-999,-999,-999,-999,-999
122088,05/08/2022 14:00,0.024045002,929,5.65,81.4,7.6,140.2,-999,-999,194.6,100.3,0.516,322.8,0.89,0,-999,-999,-999,-999,-999,-999,-999,-999
122089,05/08/2022 15:00,0.009336858,929,5.4,81.1,7.54,132.4,110,44.9,234.3,114.6,0.489,322.1,0.81,0,4.37,3.32,3.43,0.1,-1.21,-2.77,-3.68,-4.54
122090,05/08/2022 16:00,0.004866743,929,5.18,83.1,7.06,132,-999,-999,230,114.2,0.497,322.3,0.87,0,-999,-999,-999,-999,-999,-999,-999,-999
122091,05/08/2022 17:00,0.014816294,930,4.53,89.5,6.71,131.1,-999,-999,147,75,0.51,321.6,0.93,0,-999,-999,-999,-999,-999,-999,-999,-999
122092,05/08/2022 18:00,0.0487027,930,4.64,86.5,6.76,131.1,-999,-999,111.1,53.9,0.485,321.2,0.89,0,-999,-999,-999,-999,-999,-999,-999,-999
122093,05/08/2022 19:00,0.08417538,930,4.53,85.7,7.17,142.2,-999,-999,85,40.8,-999,321.1,0.88,0,-999,-999,-999,-999,-999,-999,-999,-999
122094,05/08/2022 20:00,0.1332385,931,3.64,91.7,6.71,138.2,-999,-999,45.6,21.6,-999,320.3,0.93,0,-999,-999,-999,-999,-999,-999,-999,-999
122095,05/08/2022 21:00,0.21719752,931,3.25,94.1,5.75,138.2,52.3,34.8,20.1,9.4,-999,319.8,0.95,0,1.55,1.35,1.23,-0.01,-1.28,-2.81,-3.7,-4.58
122096,05/08/2022 22:00,0.34322613,931,3.2,94.8,4.6,129,-999,-999,3,1.4,-999,319.6,0.94,0,-999,-999,-999,-999,-999,-999,-999,-999
122097,05/08/2022 23:00,0.37505776,932,3.1,94.7,4.34,126.6,-999,-999,0,0,-999,319.5,0.93,0,-999,-999,-999,-999,-999,-999,-999,-999
122098,06/08/2022 00:00,0.25598663,931,3.35,91.2,4.62,124.8,-999,-999,0,0,-999,319.2,0.75,0,-999,-999,-999,-999,-999,-999,-999,-999
122099,06/08/2022 01:00,0.15133527,931,3.72,88.8,5.22,131.8,-999,-999,0,0,-999,319.2,0.61,0,-999,-999,-999,-999,-999,-999,-999,-999
122100,06/08/2022 02:00,0.10497577,930,3.85,87.7,4.57,132.2,-999,-999,0,0,-999,319.2,0.6,0,-999,-999,-999,-999,-999,-999,-999,-999
122101,06/08/2022 03:00,0.063302696,931,3.76,87.2,4.36,132.7,42.2,18.2,0,0,-999,319.1,0.57,0,1.67,1.21,0.86,-0.08,-1.27,-2.78,-3.69,-4.55
122102,06/08/2022 04:00,0.020584207,930,3.52,88.2,3.05,113.4,-999,-999,21,8.9,-999,318.5,0.46,0,-999,-999,-999,-999,-999,-999,-999,-999
122103,06/08/2022 05:00,0.001910608,931,3.2,88.8,2.83,108.5,-999,-999,42,17.9,-999,318.3,0.57,0,-999,-999,-999,-999,-999,-999,-999,-999
122104,06/08/2022 06:00,0,930,3.41,86.2,2.88,100.1,-999,-999,111.5,46.8,-999,317.8,0.24,0,-999,-999,-999,-999,-999,-999,-999,-999
122105,06/08/2022 07:00,0.001153676,930,3.68,84,2.66,90.8,-999,-999,222.8,92.3,-999,318.2,0.11,0,-999,-999,-999,-999,-999,-999,-999,-999
122106,06/08/2022 08:00,0,930,2.68,86.3,2.47,57,-999,-999,356.9,146,-999,317.4,0.17,0,-999,-999,-999,-999,-999,-999,-999,-999
122107,06/08/2022 09:00,0,929,2.67,85,2.83,58.8,17.1,2.2,501.3,202.3,0.404,317.8,0.18,0,3.73,2.07,1.7,0.11,-1.15,-2.71,-3.63,-4.53
122108,06/08/2022 10:00,0,928,2.39,85.4,3.05,57.7,-999,-999,601.5,251.8,0.419,318.1,0.19,0,-999,-999,-999,-999,-999,-999,-999,-999
122109,06/08/2022 11:00,0,928,2.91,82.5,3.19,51.8,-999,-999,676.5,295.1,0.436,319.3,0.18,0,-999,-999,-999,-999,-999,-999,-999,-999
122110,06/08/2022 12:00,0,927,3.57,79.1,3.67,43.4,-999,-999,722.2,326.5,0.452,320.4,0.17,0,-999,-999,-999,-999,-999,-999,-999,-999
122111,06/08/2022 13:00,0.000396627,926,3.59,80.1,3.83,39.9,-999,-999,741.5,345.6,0.466,320.4,0.19,0,-999,-999,-999,-999,-999,-999,-999,-999
122112,06/08/2022 14:00,0.004974892,926,3.63,81.2,4.47,40.4,-999,-999,712.9,342.1,0.48,320.3,0.2,0,-999,-999,-999,-999,-999,-999,-999,-999
122113,06/08/2022 15:00,0.013338286,925,3.38,86.8,5.1,43.3,46.9,17,588,288.1,0.49,319.9,0.31,0,2.44,1.25,4.07,0.19,-1.03,-2.67,-3.6,-4.53
122114,06/08/2022 16:00,0.00991358,925,3.26,90.8,5.05,38.5,-999,-999,353.2,179.8,0.509,319.8,0.74,0,-999,-999,-999,-999,-999,-999,-999,-999
122115,06/08/2022 17:00,0.006056391,925,3.07,92.2,4.91,40.3,-999,-999,171.5,89.5,0.522,319.3,1,0,-999,-999,-999,-999,-999,-999,-999,-999
122116,06/08/2022 18:00,0.004686415,925,3,93.4,4.44,41.2,-999,-999,78.9,42.8,0.543,319.1,1,0,-999,-999,-999,-999,-999,-999,-999,-999
122117,06/08/2022 19:00,0.003532856,925,2.67,97,3.98,39.8,-999,-999,76.2,41.2,-999,318.9,1,0,-999,-999,-999,-999,-999,-999,-999,-999
122118,06/08/2022 20:00,0.001802458,925,2.65,95.7,4.71,46.8,-999,-999,54.6,29.4,-999,318.9,0.95,0,-999,-999,-999,-999,-999,-999,-999,-999
122119,06/08/2022 21:00,0.000396627,925,2.75,91.5,4.32,33.2,32.2,15.5,27,14.5,-999,318.2,0.57,0,0.37,0.05,0.63,0.08,-1.17,-2.72,-3.64,-4.54
122120,06/08/2022 22:00,0.00010815,925,2.62,92.9,4.73,29.1,-999,-999,13.8,7.3,-999,318.2,0.67,0,-999,-999,-999,-999,-999,-999,-999,-999
122121,06/08/2022 23:00,0.001910608,924,2.31,96.8,4.31,26.2,-999,-999,0,0,-999,318.2,0.88,0,-999,-999,-999,-999,-999,-999,-999,-999
122122,07/08/2022 00:00,0.004974892,924,2.19,98.3,4.85,27.8,-999,-999,0,0,-999,317.9,0.87,0,-999,-999,-999,-999,-999,-999,-999,-999
122123,07/08/2022 01:00,0.006885501,924,2.18,98.8,5.55,8.6,-999,-999,0,0,-999,317.7,0.81,0,-999,-999,-999,-999,-999,-999,-999,-999
122124,07/08/2022 02:00,0.008219271,923,1.84,100,4.59,14.3,-999,-999,0,0,-999,317.4,0.73,0,-999,-999,-999,-999,-999,-999,-999,-999
122125,07/08/2022 03:00,0.01669093,924,1.61,100,3.81,14.9,17.5,15.4,0,0,-999,317.5,0.96,0,0.45,0.22,0.61,0.08,-1.18,-2.72,-3.64,-4.54
122126,07/08/2022 04:00,0.04134863,923,1.47,100,3.37,14,-999,-999,4.6,2.4,-999,317.4,0.99,0,-999,-999,-999,-999,-999,-999,-999,-999
122127,07/08/2022 05:00,0.13677135,924,1.23,100,2.12,3.8,-999,-999,19.1,9.9,-999,317.4,1,0,-999,-999,-999,-999,-999,-999,-999,-999
122128,07/08/2022 06:00,0.2770755,924,1.13,100,1.74,351.4,-999,-999,48.1,24.7,-999,317.6,1,0,-999,-999,-999,-999,-999,-999,-999,-999
122129,07/08/2022 07:00,0.119720004,924,1.29,100,2.31,31.3,-999,-999,125.7,64.2,-999,317.9,1,0,-999,-999,-999,-999,-999,-999,-999,-999
122130,07/08/2022 08:00,0.10630966,924,1.37,100,2.01,37.2,-999,-999,212.8,108.2,-999,318.6,1,0,-999,-999,-999,-999,-999,-999,-999,-999
122131,07/08/2022 09:00,0.12732646,924,1.36,100,2.33,57.8,8,7,233,117.9,0.506,318.5,1,0,1.52,1.27,1.82,0.11,-1.1,-2.67,-3.6,-4.54
122132,07/08/2022 10:00,0.17556047,925,1.36,100,2.25,64.2,-999,-999,214.8,113.1,0.527,318.4,1,0,-999,-999,-999,-999,-999,-999,-999,-999
122133,07/08/2022 11:00,0.19062915,925,1.48,99.9,2.11,83.4,-999,-999,292.7,153.2,0.524,319.1,1,0,-999,-999,-999,-999,-999,-999,-999,-999
122134,07/08/2022 12:00,0.23093231,925,1.17,99.3,1.8,113.2,-999,-999,293.7,157.2,0.535,319.2,1,0,-999,-999,-999,-999,-999,-999,-999,-999
122135,07/08/2022 13:00,0.27938268,925,1.42,100,2.15,105.8,-999,-999,333.3,172.2,0.517,319.2,1,0,-999,-999,-999,-999,-999,-999,-999,-999
122136,07/08/2022 14:00,0.27148786,925,1.63,99.2,2.27,106.3,-999,-999,370.4,187.5,0.506,319.6,1,0,-999,-999,-999,-999,-999,-999,-999,-999
122137,07/08/2022 15:00,0.27491257,926,1.7,99.6,3.14,106.1,14.5,12.3,263.2,138,0.524,318.8,1,0,1.67,1.26,1.86,0.15,-1.04,-2.63,-3.58,-4.52
122138,07/08/2022 16:00,0.22264099,926,2.05,96.2,2.63,109.7,-999,-999,234.8,120.8,0.515,319,0.94,0,-999,-999,-999,-999,-999,-999,-999,-999
122139,07/08/2022 17:00,0.33803505,926,2.11,92.8,2.84,105.3,-999,-999,194.8,99.7,0.512,318.7,0.88,0,-999,-999,-999,-999,-999,-999,-999,-999
122140,07/08/2022 18:00,0.19217923,926,2.31,91.2,2.94,101.6,-999,-999,106.6,56.2,0.527,318.7,0.94,0,-999,-999,-999,-999,-999,-999,-999,-999
122141,07/08/2022 19:00,0.2991738,927,2.01,91.9,2.6,104,-999,-999,70.8,37.1,-999,318.2,0.95,0,-999,-999,-999,-999,-999,-999,-999,-999
122142,07/08/2022 20:00,0.2514805,927,1.97,92.7,2.05,110.4,-999,-999,47.2,24.6,-999,318,0.89,0,-999,-999,-999,-999,-999,-999,-999,-999
122143,07/08/2022 21:00,0.18186913,927,1.75,93.8,1.98,110.4,6.9,2.9,19.2,10,-999,317.5,0.91,0,0.14,0.11,0.26,0.08,-1.11,-2.66,-3.6,-4.53
122144,07/08/2022 22:00,0.20670716,927,1.85,96.2,2.35,106.7,-999,-999,2.8,1.4,-999,317.6,0.98,0,-999,-999,-999,-999,-999,-999,-999,-999
122145,07/08/2022 23:00,0.25926715,926,1.75,97.6,1.75,110.1,-999,-999,0,0,-999,317.5,0.99,0,-999,-999,-999,-999,-999,-999,-999,-999
122146,08/08/2022 00:00,0.24326122,926,1.37,100,1.74,107.1,-999,-999,0,0,-999,317.3,0.99,0,-999,-999,-999,-999,-999,-999,-999,-999
122147,08/08/2022 01:00,0.1870602,926,1.14,100,1.23,78.7,-999,-999,0,0,-999,317.2,0.99,0,-999,-999,-999,-999,-999,-999,-999,-999
122148,08/08/2022 02:00,0.12350525,926,1.09,100,1.43,74.4,-999,-999,0,0,-999,317.1,0.98,0,-999,-999,-999,-999,-999,-999,-999,-999
122149,08/08/2022 03:00,0.050685484,926,1.26,100,0.96,88.4,0,0,0.1,0.1,-999,317.7,0.93,0,-0.1,-0.07,0.01,0.06,-1.14,-2.66,-3.59,-4.53
122150,08/08/2022 04:00,0.033021323,925,1.51,100,0.58,91.5,-999,-999,7.3,3.7,-999,317.8,0.9,0,-999,-999,-999,-999,-999,-999,-999,-999
122151,08/08/2022 05:00,0.021377346,925,1.34,100,0.6,92.2,-999,-999,35.9,18,-999,317.1,0.77,0,-999,-999,-999,-999,-999,-999,-999,-999
122152,08/08/2022 06:00,0.018529361,925,0.84,100,1.09,65.5,-999,-999,66.1,32.9,-999,315.8,0.58,0,-999,-999,-999,-999,-999,-999,-999,-999
122153,08/08/2022 07:00,0.099784695,924,1.24,100,1.2,84.5,-999,-999,125.3,62.2,-999,317.5,0.86,0,-999,-999,-999,-999,-999,-999,-999,-999
122154,08/08/2022 08:00,0.13201287,924,1.56,92.7,0.96,92.8,-999,-999,177.5,87.7,-999,318.4,0.8,0,-999,-999,-999,-999,-999,-999,-999,-999
122155,08/08/2022 09:00,0.15014572,924,1.68,91.5,0.91,101.5,0,0,269.7,132.5,0.491,319.2,0.79,0,1.77,1.68,1.98,0.12,-1.04,-2.62,-3.55,-4.51
122156,08/08/2022 10:00,0.15796837,924,1.48,89.6,1.31,49.1,-999,-999,380.8,184.6,0.485,319.2,0.79,0,-999,-999,-999,-999,-999,-999,-999,-999
122157,08/08/2022 11:00,0.16315956,923,1.8,89.4,2.35,47.9,-999,-999,370.8,188.5,0.508,319.1,0.86,0,-999,-999,-999,-999,-999,-999,-999,-999
122158,08/08/2022 12:00,0.14607212,923,2.18,84.5,2.83,44.6,-999,-999,288.6,154.8,0.536,318.9,0.86,0,-999,-999,-999,-999,-999,-999,-999,-999
122159,08/08/2022 13:00,0.14560343,923,2.45,82.1,3.3,52.5,-999,-999,303.8,163.7,0.539,318.9,0.85,0,-999,-999,-999,-999,-999,-999,-999,-999
122160,08/08/2022 14:00,0.18414028,923,2.12,86.9,3.05,63,-999,-999,253.6,137.6,0.543,318.7,0.86,0,-999,-999,-999,-999,-999,-999,-999,-999
122161,08/08/2022 15:00,0.22141531,923,2.12,87.4,3,65.6,16.1,1.6,319.2,168.7,0.529,318.8,0.84,0,1.59,1.31,1.82,0.14,-0.99,-2.6,-3.53,-4.51
122162,08/08/2022 16:00,0.26838762,923,2.17,87.8,2.97,69.1,-999,-999,266.9,142.2,0.533,318.9,0.83,0,-999,-999,-999,-999,-999,-999,-999,-999
122163,08/08/2022 17:00,0.24044938,923,2.52,83.2,3.31,66,-999,-999,318.8,170,0.533,318.9,0.62,0,-999,-999,-999,-999,-999,-999,-999,-999
122164,08/08/2022 18:00,0.2192884,923,2.31,85.8,2.77,59.3,-999,-999,153.5,78.1,0.509,318.3,0.74,0,-999,-999,-999,-999,-999,-999,-999,-999
122165,08/08/2022 19:00,0.18933135,923,2.12,88.1,3.11,64.2,-999,-999,83.9,42.8,-999,318,0.82,0,-999,-999,-999,-999,-999,-999,-999,-999
122166,08/08/2022 20:00,0.14614418,923,2.23,87.1,2.78,59.6,-999,-999,31.6,16.1,-999,318.1,0.88,0,-999,-999,-999,-999,-999,-999,-999,-999
122167,08/08/2022 21:00,0.15378661,924,2.01,91.4,2.81,66.3,14,4.6,14.6,7.5,-999,318,0.92,0,0.06,0.05,0.12,0.08,-1.07,-2.62,-3.55,-4.52
122168,08/08/2022 22:00,0.20357081,924,1.8,95.2,2.66,64.4,-999,-999,0.9,0.4,-999,317.8,0.94,0,-999,-999,-999,-999,-999,-999,-999,-999
122169,08/08/2022 23:00,0.29971457,925,1.64,97.8,2.45,70.1,-999,-999,0,0,-999,317.6,0.94,0,-999,-999,-999,-999,-999,-999,-999,-999
122170,09/08/2022 00:00,0.4000039,925,1.58,99.6,1.95,73.8,-999,-999,0,0,-999,317.5,0.96,0,-999,-999,-999,-999,-999,-999,-999,-999
122171,09/08/2022 01:00,0.43623352,925,1.67,100,1.88,87.4,-999,-999,0,0,-999,317.4,0.95,0,-999,-999,-999,-999,-999,-999,-999,-999
122172,09/08/2022 02:00,0.4620088,925,1.52,100,1.83,106.1,-999,-999,0,0,-999,317.4,0.95,0,-999,-999,-999,-999,-999,-999,-999,-999
122173,09/08/2022 03:00,0.44939154,926,1.44,100,2.07,107.4,6.8,5.9,0.4,0.2,-999,317.4,0.95,0,-0.01,0.02,0.06,0.06,-1.09,-2.62,-3.55,-4.52
122174,09/08/2022 04:00,0.4253466,926,1.25,100,1.96,106.3,-999,-999,4.3,2.2,-999,317.2,0.97,0,-999,-999,-999,-999,-999,-999,-999,-999
122175,09/08/2022 05:00,0.4108908,926,1.35,100,2.12,106.7,-999,-999,15.1,7.8,-999,317.3,0.97,0,-999,-999,-999,-999,-999,-999,-999,-999
122176,09/08/2022 06:00,0.43435895,927,1.41,100,2.34,108.7,-999,-999,45.6,23.7,-999,317.6,0.98,0,-999,-999,-999,-999,-999,-999,-999,-999
122177,09/08/2022 07:00,0.48814464,927,1.73,100,2.26,105.7,-999,-999,72.1,37.5,-999,318.1,0.99,0,-999,-999,-999,-999,-999,-999,-999,-999
122178,09/08/2022 08:00,0.38309675,928,1.92,100,2.05,98.1,-999,-999,141.9,74,-999,318.6,1,0,-999,-999,-999,-999,-999,-999,-999,-999
122179,09/08/2022 09:00,0.27599406,928,1.64,100,2.15,112.6,7.9,6.9,227.2,118.7,0.522,318.8,1,0,1.37,1.12,1.45,0.12,-1.01,-2.57,-3.51,-4.5
122180,09/08/2022 10:00,0.22556098,929,1.7,100,1.65,112.5,-999,-999,293.1,155.2,0.529,319.5,1,0,-999,-999,-999,-999,-999,-999,-999,-999
122181,09/08/2022 11:00,0.26752245,929,1.84,100,1.73,101.5,-999,-999,289.3,157.3,0.544,320,1,0,-999,-999,-999,-999,-999,-999,-999,-999
122182,09/08/2022 12:00,0.27736393,930,1.83,100,1.86,101.7,-999,-999,254.6,141.1,0.554,319.8,1,0,-999,-999,-999,-999,-999,-999,-999,-999
122183,09/08/2022 13:00,0.3310775,930,1.66,100,2.04,107.9,-999,-999,238.5,133.2,0.558,319.1,1,0,-999,-999,-999,-999,-999,-999,-999,-999
122184,09/08/2022 14:00,0.31882071,930,1.89,100,2.14,109.6,-999,-999,234.8,128,0.545,319,1,0,-999,-999,-999,-999,-999,-999,-999,-999
122185,09/08/2022 15:00,0.27931055,931,2.01,100,2.08,113.8,8.1,7.2,213.6,116.2,0.544,319.1,0.94,0,1.08,0.93,1.27,0.13,-0.97,-2.55,-3.5,-4.5
122186,09/08/2022 16:00,0.35029185,931,2.25,100,2.15,109.6,-999,-999,157,86.2,0.549,319,0.95,0,-999,-999,-999,-999,-999,-999,-999,-999
122187,09/08/2022 17:00,0.4477693,932,2.41,99.9,2.2,117.2,-999,-999,105.8,59.6,0.563,319,0.97,0,-999,-999,-999,-999,-999,-999,-999,-999
122188,09/08/2022 18:00,0.44575053,932,2.41,99.2,2.58,108.2,-999,-999,99.2,53.9,0.543,318.7,0.91,0,-999,-999,-999,-999,-999,-999,-999,-999
122189,09/08/2022 19:00,0.24589285,932,2.49,95.9,2.62,108.1,-999,-999,62.6,34.1,-999,318.6,0.91,0,-999,-999,-999,-999,-999,-999,-999,-999
122190,09/08/2022 20:00,0.886346,932,2.75,94.1,2.57,99.1,-999,-999,28.5,15.5,-999,318.8,0.95,0,-999,-999,-999,-999,-999,-999,-999,-999
122191,09/08/2022 21:00,0.6574325,933,2.62,94.3,2.42,98.9,12.6,7.6,9.6,5.2,-999,318.6,0.96,0,0.26,0.24,0.26,0.08,-1.04,-2.56,-3.5,-4.5
122192,09/08/2022 22:00,0.6574325,933,2.25,95,2.35,105.9,-999,-999,0.9,0.5,-999,318.1,0.96,0,-999,-999,-999,-999,-999,-999,-999,-999
122193,09/08/2022 23:00,0.32790518,933,2.11,96,1.91,104.4,-999,-999,0,0,-999,317.9,0.97,0,-999,-999,-999,-999,-999,-999,-999,-999
122194,10/08/2022 00:00,0.21312392,933,2.1,96,1.88,104.8,-999,-999,0,0,-999,317.8,1,0,-999,-999,-999,-999,-999,-999,-999,-999
122195,10/08/2022 01:00,0.05670567,933,2.11,97.1,2.02,103.3,-999,-999,0,0,-999,317.8,1,0,-999,-999,-999,-999,-999,-999,-999,-999
122196,10/08/2022 02:00,0.0856173,933,1.81,99.3,1.92,104.9,-999,-999,0,0,-999,317.7,1,0,-999,-999,-999,-999,-999,-999,-999,-999
122197,10/08/2022 03:00,0.16705285,933,1.63,100,1.68,110.6,4.7,4.1,0,0,-999,317.5,1,0,0.13,0.16,0.17,0.06,-1.06,-2.56,-3.49,-4.5
122198,10/08/2022 04:00,0.15162374,933,1.55,100,1.81,104.1,-999,-999,1,0.6,-999,317.5,1,0,-999,-999,-999,-999,-999,-999,-999,-999
122199,10/08/2022 05:00,0.16644004,934,1.6,100,2.11,102.7,-999,-999,6.2,3.4,-999,317.6,1,0,-999,-999,-999,-999,-999,-999,-999,-999
122200,10/08/2022 06:00,0.13500498,933,1.56,100,1.83,104.2,-999,-999,21.8,12.1,-999,317.5,1,0,-999,-999,-999,-999,-999,-999,-999,-999
122201,10/08/2022 07:00,0.05378574,934,1.41,100,2.16,110.3,-999,-999,50.4,27.9,-999,317.5,1,0,-999,-999,-999,-999,-999,-999,-999,-999
122202,10/08/2022 08:00,0.040303215,934,1.49,100,1.68,111.6,-999,-999,89.1,49.4,-999,317.9,1,0,-999,-999,-999,-999,-999,-999,-999,-999
122203,10/08/2022 09:00,0.04722469,934,1.49,100,1.99,105.9,6.5,5.6,122.8,68.2,0.555,318.2,1,0,0.72,0.72,0.87,0.08,-1.01,-2.53,-3.47,-4.49
122204,10/08/2022 10:00,0.05692197,934,1.64,100,2.3,99.7,-999,-999,132.6,74.4,0.561,318.4,1,0,-999,-999,-999,-999,-999,-999,-999,-999
122205,10/08/2022 11:00,0.09661238,933,2.03,99.9,2.6,103.7,-999,-999,245.7,129.2,0.526,319.2,0.99,0,-999,-999,-999,-999,-999,-999,-999,-999
122206,10/08/2022 12:00,0.13186865,933,2.24,96.5,2.61,104.4,-999,-999,317.9,163.6,0.515,319.5,0.96,0,-999,-999,-999,-999,-999,-999,-999,-999
122207,10/08/2022 13:00,0.16611558,933,2.58,94.4,2.72,98.8,-999,-999,303.3,157.5,0.519,319.8,0.91,0,-999,-999,-999,-999,-999,-999,-999,-999
122208,10/08/2022 14:00,0.29434317,933,2.52,91.8,2.7,103,-999,-999,297.3,154,0.518,319.5,0.73,0,-999,-999,-999,-999,-999,-999,-999,-999
122209,10/08/2022 15:00,0.2783733,933,2.69,89.6,2.45,96.9,13.1,4.9,281.7,144.8,0.514,319.5,0.72,0,1.54,1.29,1.63,0.14,-0.94,-2.48,-3.44,-4.48
122210,10/08/2022 16:00,0.23446517,933,2.78,87.6,2.59,100.8,-999,-999,398,203.4,0.511,320.1,0.62,0,-999,-999,-999,-999,-999,-999,-999,-999
122211,10/08/2022 17:00,0.15667057,933,2.6,87.6,2.83,101.4,-999,-999,347.4,185.7,0.535,319.7,0.45,0,-999,-999,-999,-999,-999,-999,-999,-999
122212,10/08/2022 18:00,0.1225319,933,2.71,88.1,3.05,101.6,-999,-999,216.1,111.8,0.517,319.5,0.74,0,-999,-999,-999,-999,-999,-999,-999,-999
122213,10/08/2022 19:00,0.1555531,932,2.92,86.9,2.93,104.1,-999,-999,157.3,81.8,-999,318.9,0.56,0,-999,-999,-999,-999,-999,-999,-999,-999
122214,10/08/2022 20:00,0.11957577,933,3,87.5,2.66,98.3,-999,-999,53.4,27.9,-999,318.1,0.33,0,-999,-999,-999,-999,-999,-999,-999,-999
122215,10/08/2022 21:00,0.12855208,933,3,87.1,2.02,92.5,8.4,2.6,27.1,14.2,-999,318.1,0.52,0,-0.12,-0.06,0,0.08,-0.99,-2.51,-3.46,-4.48
122216,10/08/2022 22:00,0.09549479,933,3.39,85.8,1.6,83.1,-999,-999,1.3,0.7,-999,318.1,0.56,0,-999,-999,-999,-999,-999,-999,-999,-999
122217,10/08/2022 23:00,0.34538913,933,2.44,91.5,1.73,65,-999,-999,0,0,-999,317.6,0.66,0,-999,-999,-999,-999,-999,-999,-999,-999
122218,11/08/2022 00:00,0.6102799,933,2.17,95.3,1.38,89.4,-999,-999,0,0,-999,317.9,0.9,0,-999,-999,-999,-999,-999,-999,-999,-999
122219,11/08/2022 01:00,0.16654818,933,1.8,97.1,1.46,105.1,-999,-999,0,0,-999,317.4,0.97,0,-999,-999,-999,-999,-999,-999,-999,-999
122220,11/08/2022 02:00,0.15854521,932,2.44,92.8,1.71,98.6,-999,-999,0,0,-999,318.1,0.98,0,-999,-999,-999,-999,-999,-999,-999,-999
122221,11/08/2022 03:00,0.16488984,932,1.77,96.9,1.7,106,4.8,3.1,0,0,-999,317.6,1,0,0.03,0.07,0.11,0.08,-1.02,-2.51,-3.45,-4.48
122222,11/08/2022 04:00,0.27610222,933,1.82,100,1.42,85.7,-999,-999,2.6,1.4,-999,317.6,0.99,0,-999,-999,-999,-999,-999,-999,-999,-999
122223,11/08/2022 05:00,0.29672247,933,1.81,100,1.2,60.6,-999,-999,15.4,8.4,-999,318,0.99,0,-999,-999,-999,-999,-999,-999,-999,-999
122224,11/08/2022 06:00,0.26341283,933,1.74,100,1.04,88.9,-999,-999,36.3,20,-999,317.8,1,0,-999,-999,-999,-999,-999,-999,-999,-999
122225,11/08/2022 07:00,0.08554524,933,1.89,100,1.27,66.3,-999,-999,94.5,52.2,-999,318.2,1,0,-999,-999,-999,-999,-999,-999,-999,-999
122226,11/08/2022 08:00,0.06456452,934,1.96,100,0.75,58,-999,-999,100.1,55.6,-999,318.4,1,0,-999,-999,-999,-999,-999,-999,-999,-999
122227,11/08/2022 09:00,0.10807603,934,1.91,100,0.68,311.6,0,0,138.4,77.3,0.558,319.2,1,0,0.91,0.76,1.05,0.1,-0.97,-2.48,-3.42,-4.48
122228,11/08/2022 10:00,0.19127806,934,1.7,100,1.02,335.9,-999,-999,244.1,131.4,0.538,319.6,1,0,-999,-999,-999,-999,-999,-999,-999,-999
122229,11/08/2022 11:00,0.17833628,935,1.82,100,0.84,36.8,-999,-999,344.5,177.7,0.516,320.5,1,0,-999,-999,-999,-999,-999,-999,-999,-999
122230,11/08/2022 12:00,0.15840097,935,1.76,98.9,1.88,88,-999,-999,595.8,288.7,0.485,320.8,0.84,0,-999,-999,-999,-999,-999,-999,-999,-999
122231,11/08/2022 13:00,0.137961,935,2.13,91.6,2.53,99.1,-999,-999,675.1,337.4,0.5,320.9,0.39,0,-999,-999,-999,-999,-999,-999,-999,-999
122232,11/08/2022 14:00,0.1184222,935,2.54,89.2,3.08,106.1,-999,-999,687.6,355.5,0.517,320.9,0.16,0,-999,-999,-999,-999,-999,-999,-999,-999
122233,11/08/2022 15:00,0.11467305,935,2.88,86.1,2.74,98.6,16.9,4,625,335.3,0.537,321,0.13,0,0.5,0.44,1.45,0.2,-0.81,-2.4,-3.37,-4.45
122234,11/08/2022 16:00,0.100758046,935,2.73,86.4,3.24,105,-999,-999,491,268.2,0.546,320.2,0.43,0,-999,-999,-999,-999,-999,-999,-999,-999
122235,11/08/2022 17:00,0.10028935,936,2.58,85.8,3.28,109.8,-999,-999,437.9,247.2,0.564,319.9,0.33,0,-999,-999,-999,-999,-999,-999,-999,-999
122236,11/08/2022 18:00,0.10995066,936,2.46,89.2,3.27,112.1,-999,-999,191.1,106.2,0.556,319.2,0.74,0,-999,-999,-999,-999,-999,-999,-999,-999
122237,11/08/2022 19:00,0.07938081,937,2.83,87,3.08,101,-999,-999,146.2,81.5,-999,319.1,0.71,0,-999,-999,-999,-999,-999,-999,-999,-999
122238,11/08/2022 20:00,0.056345247,937,2.62,89.8,2.51,106.9,-999,-999,68.8,38.5,-999,318.1,0.48,0,-999,-999,-999,-999,-999,-999,-999,-999
122239,11/08/2022 21:00,0.054434642,938,3.11,87,1.53,98.7,3.7,1.2,73.2,41,-999,317.5,0.16,0,-0.38,-0.29,-0.13,0.08,-0.92,-2.44,-3.4,-4.46
122240,11/08/2022 22:00,0.045674622,938,2.83,89.3,1.6,99.4,-999,-999,0,0,-999,315.8,0.08,0,-999,-999,-999,-999,-999,-999,-999,-999
122241,11/08/2022 23:00,0,938,2.66,89.6,1.57,96.4,-999,-999,0,0,-999,314.9,0.09,0,-999,-999,-999,-999,-999,-999,-999,-999
122242,12/08/2022 00:00,0,939,2.23,92.5,1.82,95.4,-999,-999,0,0,-999,314.4,0.12,0,-999,-999,-999,-999,-999,-999,-999,-999
122243,12/08/2022 01:00,0,939,1.75,94.1,2.33,102.1,-999,-999,0,0,-999,313.9,0.12,0,-999,-999,-999,-999,-999,-999,-999,-999
122244,12/08/2022 02:00,0.000396627,939,2.09,92,2.26,109.6,-999,-999,0,0,-999,314.5,0.24,0,-999,-999,-999,-999,-999,-999,-999,-999
122245,12/08/2022 03:00,0.000396627,939,2.03,91.4,2.63,110.1,12.9,4.2,0,0,-999,316.6,0.6,0,-0.14,-0.08,-0.01,0.07,-0.95,-2.45,-3.4,-4.47
122246,12/08/2022 04:00,0.000396627,939,2.15,91.4,2.92,107.9,-999,-999,3.3,1.9,-999,317.6,0.73,0,-999,-999,-999,-999,-999,-999,-999,-999
122247,12/08/2022 05:00,0,939,1.91,91.9,3,111.7,-999,-999,17.7,10.2,-999,317.7,0.86,0,-999,-999,-999,-999,-999,-999,-999,-999
122248,12/08/2022 06:00,0.000180327,939,2.04,90.5,2.81,104.7,-999,-999,33,19,-999,317.9,0.94,0,-999,-999,-999,-999,-999,-999,-999,-999
122249,12/08/2022 07:00,0.001514098,939,2.26,88.8,3.28,102.7,-999,-999,55.9,32.3,-999,318.3,0.96,0,-999,-999,-999,-999,-999,-999,-999,-999
122250,12/08/2022 08:00,0.004758593,940,2.24,89.3,2.93,102.7,-999,-999,80.8,46.8,-999,318.6,0.96,0,-999,-999,-999,-999,-999,-999,-999,-999
122251,12/08/2022 09:00,0.008002971,940,2.19,91,3.09,110.5,17.5,5.9,121.4,70.5,0.581,318.8,0.98,0,0.53,0.49,0.66,0.1,-0.92,-2.42,-3.37,-4.46
122252,12/08/2022 10:00,0.042358063,940,2.33,92.2,3.07,107.8,-999,-999,132.3,76.9,0.581,319,0.98,0,-999,-999,-999,-999,-999,-999,-999,-999
122253,12/08/2022 11:00,0.11679996,940,2.41,92.6,3.48,113.1,-999,-999,246.4,134.1,0.544,319.5,1,0,-999,-999,-999,-999,-999,-999,-999,-999
122254,12/08/2022 12:00,0.26052886,940,2.54,89.5,3.48,109,-999,-999,387.8,199.7,0.515,320.1,0.98,0,-999,-999,-999,-999,-999,-999,-999,-999
122255,12/08/2022 13:00,0.2688202,940,2.85,89.2,3.48,107.2,-999,-999,289.5,155.9,0.539,320.2,0.97,0,-999,-999,-999,-999,-999,-999,-999,-999
122256,12/08/2022 14:00,0.15302968,940,2.72,89.2,3.75,116.8,-999,-999,359.2,185.8,0.517,319.9,0.91,0,-999,-999,-999,-999,-999,-999,-999,-999
122257,12/08/2022 15:00,0.04682818,940,3.46,83.8,3.65,103.3,31,7.6,619,313.3,0.506,321.2,0.47,0,1.05,0.95,1.39,0.18,-0.78,-2.35,-3.33,-4.43
122258,12/08/2022 16:00,0.006597024,940,3.63,81.8,3.62,102.3,-999,-999,573.2,296.8,0.518,321,0.27,0,-999,-999,-999,-999,-999,-999,-999,-999
122259,12/08/2022 17:00,0,940,3.41,82.8,3.79,109,-999,-999,419.3,238.8,0.57,320.2,0.18,0,-999,-999,-999,-999,-999,-999,-999,-999
122260,12/08/2022 18:00,0,940,3.57,82.6,3.29,95.7,-999,-999,324,182.5,-999,320,0.17,0,-999,-999,-999,-999,-999,-999,-999,-999
122261,12/08/2022 19:00,0,939,3.74,81.2,3.66,85.2,-999,-999,215.5,119.9,-999,319.5,0.16,0,-999,-999,-999,-999,-999,-999,-999,-999
122262,12/08/2022 20:00,0,939,3.56,81,4.03,87.5,-999,-999,78.4,43.2,-999,318.5,0.16,0,-999,-999,-999,-999,-999,-999,-999,-999
122263,12/08/2022 21:00,0,939,3.16,81.5,3.94,89.6,32.5,2.7,20.9,11.4,-999,318.1,0.32,0,0.15,0.11,0.12,0.08,-0.88,-2.39,-3.35,-4.45
122264,12/08/2022 22:00,0,939,3.21,78.3,4.64,98.3,-999,-999,0,0,-999,318.2,0.32,0,-999,-999,-999,-999,-999,-999,-999,-999
122265,12/08/2022 23:00,0,938,3.28,73,4.98,101.4,-999,-999,0,0,-999,317.8,0.25,0,-999,-999,-999,-999,-999,-999,-999,-999
122266,13/08/2022 00:00,0,938,3.03,71.5,5.42,105.6,-999,-999,0,0,-999,317.1,0.19,0,-999,-999,-999,-999,-999,-999,-999,-999
122267,13/08/2022 01:00,0,938,2.8,70.7,5.87,111.5,-999,-999,0,0,-999,316.9,0.28,0,-999,-999,-999,-999,-999,-999,-999,-999
122268,13/08/2022 02:00,0,937,2.52,71.5,5.27,106.4,-999,-999,0,0,-999,316.7,0.38,0,-999,-999,-999,-999,-999,-999,-999,-999
122269,13/08/2022 03:00,0,937,2.58,70.1,5.15,108.4,37.8,-26,0,0,-999,317.1,0.53,0,-0.04,-0.03,-0.04,0.08,-0.9,-2.39,-3.34,-4.44
122270,13/08/2022 04:00,0,937,2.68,67.5,5.46,109.1,-999,-999,4.6,2.3,-999,316.3,0.28,0,-999,-999,-999,-999,-999,-999,-999,-999
122271,13/08/2022 05:00,0,937,2.56,68.1,5.87,107.3,-999,-999,26.4,13,-999,317,0.49,0,-999,-999,-999,-999,-999,-999,-999,-999
122272,13/08/2022 06:00,0,937,2.29,70.9,5.46,114.6,-999,-999,69.6,33.8,-999,316.1,0.34,0,-999,-999,-999,-999,-999,-999,-999,-999
122273,13/08/2022 07:00,0,936,2.57,70.2,5.02,113.8,-999,-999,131.4,63,-999,317.4,0.47,0,-999,-999,-999,-999,-999,-999,-999,-999
122274,13/08/2022 08:00,0,936,2.85,69.3,4.76,110.4,-999,-999,211,99.8,-999,318.3,0.46,0,-999,-999,-999,-999,-999,-999,-999,-999
122275,13/08/2022 09:00,0,937,3.2,65.9,5.42,106,48.4,-29.3,437.6,204.2,0.467,318.4,0.12,0,0.95,1.08,0.66,0.17,-0.8,-2.32,-3.31,-4.43
122276,13/08/2022 10:00,0,936,3.39,65.2,5.07,103.2,-999,-999,568.4,274.1,0.482,319.6,0.12,0,-999,-999,-999,-999,-999,-999,-999,-999
122277,13/08/2022 11:00,0,936,3.51,64.7,4.49,112.6,-999,-999,651.7,322.8,0.495,320.4,0.11,0,-999,-999,-999,-999,-999,-999,-999,-999
122278,13/08/2022 12:00,0,936,3.65,64.3,4.16,119.9,-999,-999,688.2,349.3,0.508,321,0.11,0,-999,-999,-999,-999,-999,-999,-999,-999
122279,13/08/2022 13:00,0,936,4.11,62.8,5.3,110.1,-999,-999,698.6,363.1,0.52,321.4,0.09,0,-999,-999,-999,-999,-999,-999,-999,-999
122280,13/08/2022 14:00,0,936,3.94,65.2,5.54,114.1,-999,-999,676.8,356.2,0.526,321,0.09,0,-999,-999,-999,-999,-999,-999,-999,-999
122281,13/08/2022 15:00,0,935,4.71,59.7,5.68,104.8,71.2,-28.4,628.2,338.9,0.539,321.6,0.06,0,0.77,0.7,1.49,0.22,-0.69,-2.29,-3.27,-4.43
122282,13/08/2022 16:00,0,935,4.89,59.3,5.55,99.5,-999,-999,513.2,284.6,0.555,321.4,0.07,0,-999,-999,-999,-999,-999,-999,-999,-999
122283,13/08/2022 17:00,0,935,4.94,60.5,5.57,100.7,-999,-999,431.9,247.8,0.574,321.2,0.06,0,-999,-999,-999,-999,-999,-999,-999,-999
122284,13/08/2022 18:00,0,935,4.79,63.1,5.22,107.7,-999,-999,311,178.4,-999,320.6,0.08,0,-999,-999,-999,-999,-999,-999,-999,-999
122285,13/08/2022 19:00,0,935,4.95,62.9,6.07,103.6,-999,-999,190.4,109.2,-999,320.2,0.09,0,-999,-999,-999,-999,-999,-999,-999,-999
122286,13/08/2022 20:00,0,935,4.1,69.7,5.86,104.3,-999,-999,97.3,55.8,-999,319.1,0.11,0,-999,-999,-999,-999,-999,-999,-999,-999
122287,13/08/2022 21:00,0,935,3.94,71.8,5.28,107.2,56.1,-7.7,52.3,30,-999,318.7,0.11,0,-0.03,0.16,0.06,0.08,-0.81,-2.32,-3.32,-4.43
122288,13/08/2022 22:00,0,936,4.09,72.5,4.68,107.1,-999,-999,0,0,-999,318.7,0.2,0,-999,-999,-999,-999,-999,-999,-999,-999
122289,13/08/2022 23:00,0,936,3.82,74.9,4.61,105.4,-999,-999,0,0,-999,318.3,0.13,0,-999,-999,-999,-999,-999,-999,-999,-999
122290,14/08/2022 00:00,0,936,4.96,67.2,4.74,134.2,-999,-999,0,0,-999,319.3,0.1,0,-999,-999,-999,-999,-999,-999,-999,-999
122291,14/08/2022 01:00,0,936,4.3,73.5,5.08,124.1,-999,-999,0,0,-999,318.7,0.12,0,-999,-999,-999,-999,-999,-999,-999,-999
122292,14/08/2022 02:00,0,936,4.12,76,4.91,129,-999,-999,0,0,-999,318.7,0.11,0,-999,-999,-999,-999,-999,-999,-999,-999
122293,14/08/2022 03:00,0,936,3.73,79.6,4.54,122.8,44.6,5.4,0,0,-999,318.2,0.14,0,-0.18,-0.03,-0.05,0.08,-0.83,-2.33,-3.3,-4.42
122294,14/08/2022 04:00,0,937,4.44,77.4,5.78,133.8,-999,-999,4.6,2.6,-999,319.2,0.23,0,-999,-999,-999,-999,-999,-999,-999,-999
122295,14/08/2022 05:00,0,937,4.46,78.9,5.63,140,-999,-999,21.1,12.1,-999,319.7,0.53,0,-999,-999,-999,-999,-999,-999,-999,-999
122296,14/08/2022 06:00,0,937,4.48,81,6.52,141.1,-999,-999,49.6,28.5,-999,320,0.59,0,-999,-999,-999,-999,-999,-999,-999,-999
122297,14/08/2022 07:00,0.001045526,937,4.75,83.6,6.09,134,-999,-999,58.8,33.8,-999,320.8,0.87,0,-999,-999,-999,-999,-999,-999,-999,-999
122298,14/08/2022 08:00,0.031903736,937,5,82.6,5.63,128.1,-999,-999,44.7,25.7,-999,321.1,0.85,0,-999,-999,-999,-999,-999,-999,-999,-999
122299,14/08/2022 09:00,0.14708145,937,4.76,83.1,6.68,138.2,86.7,34.8,86.3,49.6,0.574,321.4,0.9,0,0.87,1.04,0.98,0.12,-0.79,-2.3,-3.28,-4.42
122300,14/08/2022 10:00,0.3189649,937,4.49,85.6,5.4,131.2,-999,-999,102.3,58.8,0.575,321.1,0.89,0,-999,-999,-999,-999,-999,-999,-999,-999
122301,14/08/2022 11:00,0.28241083,937,4.93,81.3,6.34,129.8,-999,-999,151,80.5,0.533,321.4,0.85,0,-999,-999,-999,-999,-999,-999,-999,-999
122302,14/08/2022 12:00,0.124875106,937,4.81,81.5,7.08,144.5,-999,-999,95,53,0.558,321.1,0.85,0,-999,-999,-999,-999,-999,-999,-999,-999
122303,14/08/2022 13:00,0.04617928,937,4.75,82.5,7.29,135.1,-999,-999,97.6,55.4,0.568,321,0.85,0,-999,-999,-999,-999,-999,-999,-999,-999
122304,14/08/2022 14:00,0.032083947,937,4.99,78.9,7.28,128.3,-999,-999,602.3,287.3,0.477,321.6,0.46,0,-999,-999,-999,-999,-999,-999,-999,-999
122305,14/08/2022 15:00,0.038572818,937,4.98,78.9,6.45,129.7,87,25,632.4,308.9,0.488,322.1,0.25,0,1.8,2.26,2.55,0.25,-0.62,-2.22,-3.22,-4.4
122306,14/08/2022 16:00,0.042718604,937,5.34,78.1,6.65,131.1,-999,-999,472.1,237.3,0.503,322,0.28,0,-999,-999,-999,-999,-999,-999,-999,-999
122307,14/08/2022 17:00,0.021088868,937,4.99,80.2,6.06,128.6,-999,-999,215.4,107.3,0.498,321.3,0.63,0,-999,-999,-999,-999,-999,-999,-999,-999
122308,14/08/2022 18:00,0.015753672,937,4.84,81.2,6.16,124.8,-999,-999,212.6,106.2,-999,321.1,0.64,0,-999,-999,-999,-999,-999,-999,-999,-999
122309,14/08/2022 19:00,0.012581237,937,4.57,85.3,6.83,131.1,-999,-999,57.3,28.7,-999,320.5,0.64,0,-999,-999,-999,-999,-999,-999,-999,-999
122310,14/08/2022 20:00,0.004686415,937,4.54,86.1,6.78,131.3,-999,-999,25.9,13,-999,320.3,0.71,0,-999,-999,-999,-999,-999,-999,-999,-999
122311,14/08/2022 21:00,0.005623791,937,4.76,85.3,7.42,132.3,97.2,46.2,11,5.5,-999,320.4,0.63,0,1.47,1.47,1.16,0.1,-0.77,-2.28,-3.26,-4.4
122312,14/08/2022 22:00,0.009841519,937,4.82,84.7,8.48,136.8,-999,-999,0,0,-999,320.4,0.51,0,-999,-999,-999,-999,-999,-999,-999,-999
122313,14/08/2022 23:00,0.016979292,937,4.98,84.8,8.2,137.2,-999,-999,0,0,-999,321.1,0.8,0,-999,-999,-999,-999,-999,-999,-999,-999
122314,15/08/2022 00:00,0.01899805,937,4.66,87,7.1,126.2,-999,-999,0,0,-999,320.9,0.86,0,-999,-999,-999,-999,-999,-999,-999,-999
122315,15/08/2022 01:00,0.017772429,937,4.62,88.2,7.28,130.8,-999,-999,0,0,-999,321.4,0.92,0,-999,-999,-999,-999,-999,-999,-999,-999
122316,15/08/2022 02:00,0.016799081,937,4.75,88.1,6.94,131.8,-999,-999,0,0,-999,321.5,0.88,0,-999,-999,-999,-999,-999,-999,-999,-999
122317,15/08/2022 03:00,0.22318174,937,4.82,87.7,7.29,132.6,96.2,54,0,0,-999,321.6,0.86,0,1.82,2.01,1.67,0.08,-0.8,-2.3,-3.26,-4.42
122318,15/08/2022 04:00,0.22134319,937,4.74,86,7.75,132.2,-999,-999,0,0,-999,321.1,0.84,0,-999,-999,-999,-999,-999,-999,-999,-999
122319,15/08/2022 05:00,0.16939606,937,4.81,87.3,7.02,129.8,-999,-999,14.7,7.6,-999,321.6,0.88,0,-999,-999,-999,-999,-999,-999,-999,-999
122320,15/08/2022 06:00,0.8775139,937,4.59,88.5,5.91,135.2,-999,-999,29.8,15.4,-999,321.5,0.93,0,-999,-999,-999,-999,-999,-999,-999,-999
122321,15/08/2022 07:00,0.5309352,937,4.56,89.3,5.26,123.9,-999,-999,47,24.4,-999,321.5,0.93,0,-999,-999,-999,-999,-999,-999,-999,-999
122322,15/08/2022 08:00,0.13972737,937,4.71,87.8,6.4,127.5,-999,-999,82.2,42.8,-999,321.8,0.92,0,-999,-999,-999,-999,-999,-999,-999,-999
122323,15/08/2022 09:00,0.09426917,936,4.76,85.6,6.6,127.1,85.2,41.4,131.2,68.4,0.521,321.7,0.84,0,3,2.71,2.69,0.16,-0.73,-2.24,-3.23,-4.4
122324,15/08/2022 10:00,0.059625715,936,5.1,82.7,7.4,130.9,-999,-999,207.1,102.2,0.493,321.8,0.75,0,-999,-999,-999,-999,-999,-999,-999,-999
122325,15/08/2022 11:00,0.041709166,936,4.72,82.3,6.86,137.8,-999,-999,303.5,144.2,0.475,321.3,0.71,0,-999,-999,-999,-999,-999,-999,-999,-999
122326,15/08/2022 12:00,0.01917826,936,5.55,76.3,6.85,130.1,-999,-999,399.2,186.4,0.467,322.3,0.54,0,-999,-999,-999,-999,-999,-999,-999,-999
122327,15/08/2022 13:00,0.004289905,935,4.83,79.4,5.26,118.5,-999,-999,200.7,106,0.528,322.4,0.93,0,-999,-999,-999,-999,-999,-999,-999,-999
122328,15/08/2022 14:00,0,934,4.93,77.4,5.19,119.8,-999,-999,141.4,77.2,0.546,321.8,0.92,0,-999,-999,-999,-999,-999,-999,-999,-999
122329,15/08/2022 15:00,0,933,5.32,73.4,6.13,121.5,86.4,13.7,94.5,55,0.582,322.4,0.91,0,1.93,1.78,1.84,0.12,-0.71,-2.23,-3.22,-4.4
122330,15/08/2022 16:00,0,932,5.49,72.6,6.67,121.1,-999,-999,91.5,49.8,0.545,322,0.89,0,-999,-999,-999,-999,-999,-999,-999,-999
122331,15/08/2022 17:00,0.001982786,932,5.5,70.9,6.86,129.3,-999,-999,75.8,43.5,0.575,322.5,0.89,0,-999,-999,-999,-999,-999,-999,-999,-999
122332,15/08/2022 18:00,0.0071018,931,5.79,67,7.04,126,-999,-999,35.6,20.1,-999,322.3,0.88,0,-999,-999,-999,-999,-999,-999,-999,-999
122333,15/08/2022 19:00,0.001514098,931,5.78,70.7,6.92,127.7,-999,-999,27.4,15.2,-999,322.8,0.89,0,-999,-999,-999,-999,-999,-999,-999,-999
122334,15/08/2022 20:00,0.013194163,931,5.31,78.4,7.03,133.1,-999,-999,27.3,14.8,-999,321.6,0.76,0,-999,-999,-999,-999,-999,-999,-999,-999
122335,15/08/2022 21:00,0.069611356,930,5.19,80.9,7.61,139.8,107,40.6,6.5,3.5,-999,321.4,0.79,0,2.52,2.58,2.23,0.1,-0.75,-2.24,-3.22,-4.39
122336,15/08/2022 22:00,0.19160251,930,5.06,82.5,7.37,142.6,-999,-999,0,0,-999,320.9,0.71,0,-999,-999,-999,-999,-999,-999,-999,-999
122337,15/08/2022 23:00,0.18637535,930,4.91,82.3,7.76,140.2,-999,-999,0,0,-999,321,0.78,0,-999,-999,-999,-999,-999,-999,-999,-999
122338,16/08/2022 00:00,0.13276993,929,4.79,83.5,7.55,141.3,-999,-999,0,0,-999,320.8,0.72,0,-999,-999,-999,-999,-999,-999,-999,-999
122339,16/08/2022 01:00,0.02941629,929,4.35,85.4,6.67,145.5,-999,-999,0,0,-999,319.6,0.41,0,-999,-999,-999,-999,-999,-999,-999,-999
122340,16/08/2022 02:00,0.002271147,929,3.88,87.1,5.84,135.2,-999,-999,0,0,-999,318.3,0.1,0,-999,-999,-999,-999,-999,-999,-999,-999
122341,16/08/2022 03:00,0,929,3.88,87.3,5.09,140.2,52.7,23.9,0,0,-999,318.1,0.07,0,1.09,1.23,0.8,0.08,-0.77,-2.24,-3.22,-4.39
122342,16/08/2022 04:00,0,929,3.22,88.7,3.89,115.6,-999,-999,0,0,-999,317,0.08,0,-999,-999,-999,-999,-999,-999,-999,-999
122343,16/08/2022 05:00,0,929,3.03,89.5,3.82,118.6,-999,-999,17.3,7.8,-999,316.6,0.08,0,-999,-999,-999,-999,-999,-999,-999,-999
122344,16/08/2022 06:00,0,929,2.66,91.5,3.49,116,-999,-999,40.1,17.7,-999,316.1,0.1,0,-999,-999,-999,-999,-999,-999,-999,-999
122345,16/08/2022 07:00,0,929,2.73,90.2,3.23,111,-999,-999,96.3,41.4,-999,316.3,0.11,0,-999,-999,-999,-999,-999,-999,-999,-999
122346,16/08/2022 08:00,0,929,3.11,86.7,2.89,102.9,-999,-999,254.8,106.9,-999,317.6,0.11,0,-999,-999,-999,-999,-999,-999,-999,-999
122347,16/08/2022 09:00,0,929,3.46,83.4,2.47,97,14.5,3.3,415.7,170.1,0.409,319.2,0.14,0,3.98,3.34,3.1,0.22,-0.65,-2.17,-3.15,-4.37
122348,16/08/2022 10:00,0,929,3.16,84.3,2.39,88.5,-999,-999,460.8,193.9,0.421,319.8,0.21,0,-999,-999,-999,-999,-999,-999,-999,-999
122349,16/08/2022 11:00,0,928,3.29,84.5,2.07,86.3,-999,-999,446.3,199.9,0.448,320.4,0.37,0,-999,-999,-999,-999,-999,-999,-999,-999
122350,16/08/2022 12:00,0,928,2.76,86,2.05,59.6,-999,-999,527.4,241.3,0.458,319.4,0.38,0,-999,-999,-999,-999,-999,-999,-999,-999
122351,16/08/2022 13:00,0,928,2.71,86.5,2.3,68.9,-999,-999,449.5,215.2,0.479,319.6,0.5,0,-999,-999,-999,-999,-999,-999,-999,-999
122352,16/08/2022 14:00,0.000757049,927,2.76,86.4,3.14,64.5,-999,-999,475.3,231.9,0.488,319.7,0.57,0,-999,-999,-999,-999,-999,-999,-999,-999
122353,16/08/2022 15:00,0.003605033,927,2.67,87.2,3.45,70.9,23.4,5.7,439.5,215.8,0.491,319.6,0.56,0,1.96,1.41,2.25,0.23,-0.54,-2.12,-3.13,-4.36
122354,16/08/2022 16:00,0.020115636,927,2.68,87.5,3.41,68.2,-999,-999,378.8,189.4,0.5,319.6,0.64,0,-999,-999,-999,-999,-999,-999,-999,-999
122355,16/08/2022 17:00,0.008219271,927,2.59,89.6,3.21,62.5,-999,-999,194.9,97,0.497,318.9,0.78,0,-999,-999,-999,-999,-999,-999,-999,-999
122356,16/08/2022 18:00,0.04426867,928,2.55,89.4,2.64,52.1,-999,-999,144.3,72.6,-999,318.7,0.79,0,-999,-999,-999,-999,-999,-999,-999,-999
122357,16/08/2022 19:00,0.059878103,928,2.7,90.4,2.54,4.4,-999,-999,63.9,32.5,-999,319,0.97,0,-999,-999,-999,-999,-999,-999,-999,-999
122358,16/08/2022 20:00,0.1798143,928,2.21,98.2,3,26.1,-999,-999,22.2,11.4,-999,318.4,1,0,-999,-999,-999,-999,-999,-999,-999,-999
122359,16/08/2022 21:00,0.2618627,929,2.23,100,3.68,42,22.3,20,11,5.7,-999,318.3,0.96,0,0.41,0.27,0.51,0.08,-0.69,-2.19,-3.17,-4.38
122360,16/08/2022 22:00,0.22422715,929,2.1,100,2.86,33.4,-999,-999,0.4,0.2,-999,318.1,1,0,-999,-999,-999,-999,-999,-999,-999,-999
122361,16/08/2022 23:00,0.17062168,930,2.01,100,2.84,40.6,-999,-999,0,0,-999,318,0.99,0,-999,-999,-999,-999,-999,-999,-999,-999
122362,17/08/2022 00:00,0.13421185,930,1.98,100,2.69,49.3,-999,-999,0,0,-999,318,0.99,0,-999,-999,-999,-999,-999,-999,-999,-999
122363,17/08/2022 01:00,0.11474523,931,1.77,100,1.37,310.6,-999,-999,0,0,-999,317.8,0.99,0,-999,-999,-999,-999,-999,-999,-999,-999
122364,17/08/2022 02:00,0.10926568,931,1.48,100,1.42,273,-999,-999,0,0,-999,318.5,1,0,-999,-999,-999,-999,-999,-999,-999,-999
122365,17/08/2022 03:00,0.109445885,932,0.88,100,2.24,270.5,5.5,4.6,0,0,-999,317.4,1,0,0.03,0.04,0.22,0.07,-0.71,-2.2,-3.17,-4.4
122366,17/08/2022 04:00,0.10454317,932,0.38,100,2.2,282.6,-999,-999,0.8,0.4,-999,316.5,1,0,-999,-999,-999,-999,-999,-999,-999,-999
122367,17/08/2022 05:00,0.14408934,933,0.05,100,1.17,286.1,-999,-999,8.3,4.7,-999,315.9,1,0,-999,-999,-999,-999,-999,-999,-999,-999
122368,17/08/2022 06:00,0.14841533,934,0.08,100,0.31,167.2,-999,-999,34,19.3,-999,316.1,1,0,-999,-999,-999,-999,-999,-999,-999,-999
122369,17/08/2022 07:00,0.3281575,935,0.13,100,1.22,261.4,-999,-999,62.9,36.1,-999,316.5,1,0,-999,-999,-999,-999,-999,-999,-999,-999
122370,17/08/2022 08:00,0.26236737,935,0.27,100,1.69,238,-999,-999,96.8,56.1,-999,316.9,1,0,-999,-999,-999,-999,-999,-999,-999,-999
122371,17/08/2022 09:00,0.22195606,935,0.47,100,2.13,195.1,3.2,2.6,147.4,86.2,0.585,317.3,1,0,0.73,0.51,0.87,0.14,-0.66,-2.16,-3.14,-4.38
122372,17/08/2022 10:00,0.22206421,936,0.34,100,1.28,215.4,-999,-999,200.5,114.9,0.573,317.7,1,0,-999,-999,-999,-999,-999,-999,-999,-999
122373,17/08/2022 11:00,0.24250418,936,0.37,100,0.87,199.4,-999,-999,274,159.5,0.582,318.4,1,0,-999,-999,-999,-999,-999,-999,-999,-999
122374,17/08/2022 12:00,0.2465417,937,0.65,100,1.16,106.2,-999,-999,379.2,211.4,0.557,320,1,0,-999,-999,-999,-999,-999,-999,-999,-999
122375,17/08/2022 13:00,0.2590869,937,0.75,100,1.8,104.3,-999,-999,354.5,192.9,0.544,319.1,1,0,-999,-999,-999,-999,-999,-999,-999,-999
122376,17/08/2022 14:00,0.24625333,937,0.88,100,2.07,102.3,-999,-999,279.6,154.3,0.552,318.5,1,0,-999,-999,-999,-999,-999,-999,-999,-999
122377,17/08/2022 15:00,0.15775207,938,1.16,100,1.99,102.9,5.7,4.8,376.6,200.4,0.532,319.3,0.96,0,0.95,0.78,1.6,0.22,-0.53,-2.09,-3.09,-4.36
122378,17/08/2022 16:00,0.22109085,938,1.34,99.9,2.09,101.8,-999,-999,213.1,114.2,0.536,318.6,0.96,0,-999,-999,-999,-999,-999,-999,-999,-999
122379,17/08/2022 17:00,0.14279166,938,1.72,98.6,2.02,100.9,-999,-999,189.6,99.7,0.526,318.6,0.91,0,-999,-999,-999,-999,-999,-999,-999,-999
122380,17/08/2022 18:00,0.15028985,939,1.62,99.2,1.42,105.5,-999,-999,84.6,44.7,-999,318.1,0.98,0,-999,-999,-999,-999,-999,-999,-999,-999
122381,17/08/2022 19:00,0.08532894,939,1,99.9,1.38,50.7,-999,-999,67.5,35.8,-999,317.3,0.95,0,-999,-999,-999,-999,-999,-999,-999,-999
122382,17/08/2022 20:00,0.24268444,939,0.98,100,2.05,107.4,-999,-999,37.9,20.2,-999,317.1,0.95,0,-999,-999,-999,-999,-999,-999,-999,-999
122383,17/08/2022 21:00,0.16582711,939,1.07,100,2.08,111.4,5.8,4.9,5.9,3.1,-999,316.9,0.92,0,-0.15,-0.08,-0.03,0.08,-0.66,-2.14,-3.13,-4.38
122384,17/08/2022 22:00,0.053208902,939,1.23,100,2.16,118.4,-999,-999,0,0,-999,316.9,0.93,0,-999,-999,-999,-999,-999,-999,-999,-999
122385,17/08/2022 23:00,0.07628056,939,1.1,100,2.17,110.3,-999,-999,0,0,-999,316.8,0.93,0,-999,-999,-999,-999,-999,-999,-999,-999